Price,Close,High,Low,Open,Volume
Ticker,SBIN.NS,SBIN.NS,SBIN.NS,SBIN.NS,SBIN.NS
Date,,,,,
01-01-2020,308.6025391,309.9866138,306.4802743,308.8332182,17379320
02-01-2020,313.0777588,313.5852699,307.5876114,308.64873,20324236
03-01-2020,307.9105225,311.8320678,306.3418931,311.8320678,21853208
06-01-2020,294.3466187,306.0651317,293.1470982,306.0651317,35645325
07-01-2020,293.7929382,301.728306,291.0247886,299.3753901,50966826
08-01-2020,295.0847778,296.6534074,286.9648825,287.9798764,44527485
09-01-2020,304.6810303,305.7882733,299.8828927,301.6360486,40348407
10-01-2020,306.5725708,311.8320663,302.7433028,305.4191751,42377838
13-01-2020,305.1885376,309.5253172,303.619908,308.1873668,23615129
14-01-2020,302.651062,306.0651249,301.266987,304.3119407,26296117
15-01-2020,299.1908569,303.7583154,297.437701,303.5737608,32625740
16-01-2020,298.31427,301.6360555,297.4377061,298.9601829,26653623
17-01-2020,293.4238586,298.4987996,286.1344036,288.810276,58396326
20-01-2020,289.7330322,296.6072826,289.1793966,296.1920489,30682902
21-01-2020,289.4562073,292.4550362,287.8875778,289.5484564,30591772
22-01-2020,291.7168579,292.5011727,289.4562191,292.5011727,24994911
23-01-2020,298.2220154,299.6983394,289.8714133,291.5784446,33293610
24-01-2020,299.0063171,302.0051462,296.3304445,298.4988342,22706879
27-01-2020,291.7630005,297.1147455,291.3938913,296.0997516,23309355
28-01-2020,290.7480469,295.2693532,287.0110272,293.3777952,26488426
29-01-2020,291.9936829,294.9925118,291.1632154,293.2854805,23914114
30-01-2020,286.6880493,292.2704733,282.0283137,292.2704733,35802330
31-01-2020,293.8391113,296.8379403,284.7503472,289.4562075,92656638
03-02-2020,275.0618286,283.135599,272.5243579,279.5831344,56060158
04-02-2020,282.5819702,283.7814906,274.1391186,279.4908638,51141567
05-02-2020,286.9649048,289.4100985,281.0595233,283.1817605,35014841
06-02-2020,297.0686035,298.4988029,286.1344068,287.1494006,57757656
07-02-2020,295.7767639,299.8828636,293.7929291,296.6533559,37126803
10-02-2020,293.8852539,297.8529242,292.0398206,295.0847743,24816396
11-02-2020,299.2831421,300.6210643,296.2381603,296.2381603,30188757
12-02-2020,295.4538269,304.4041598,294.577235,304.4041598,38930849
13-02-2020,302.1435547,305.3730627,297.1147381,297.1147381,62516057
14-02-2020,294.7156677,306.2496249,293.931353,302.7433132,48205947
17-02-2020,289.9176025,296.3304668,287.564658,296.1459404,36950692
18-02-2020,293.0086365,294.5311413,285.488502,291.0248015,38588583
19-02-2020,295.5922546,298.9601644,292.7318277,297.391535,39846727
20-02-2020,302.3280945,303.7583221,294.1159222,294.6695578,40150409
24-02-2020,297.991333,305.695994,296.9763391,300.5749282,45273936
25-02-2020,301.5437622,302.7894352,297.2992885,300.7133229,39050709
26-02-2020,302.8356018,305.2346425,299.1447354,299.7444955,43915281
27-02-2020,297.0686035,304.4964605,293.4238619,302.6510274,47010040
28-02-2020,279.5831299,290.3327726,277.829974,287.8875793,59705346
02-03-2020,265.1887207,287.8875526,262.0976147,286.9648361,66711413
03-03-2020,267.4494324,271.647782,263.2510546,270.3559843,61949382
04-03-2020,263.2510071,270.3559354,253.8393156,269.2486644,73675736
05-03-2020,266.2037354,275.3386239,249.1334785,268.4182495,149245973
06-03-2020,249.5948639,253.1934533,234.3238999,247.2880722,106043172
09-03-2020,233.8625183,242.4437855,231.7402673,239.9524394,101286241
11-03-2020,226.1578522,238.5222494,224.3124189,233.4473079,90845604
12-03-2020,196.1695709,213.9779915,192.4787042,213.9779915,99767083
13-03-2020,223.2974091,229.5718845,170.3796083,184.5433133,155701316
16-03-2020,206.0887604,213.5166178,203.5512897,210.2871097,75583409
17-03-2020,198.5224609,212.1325301,195.6620481,209.6411982,65403057
18-03-2020,198.5686035,205.9041974,184.6355917,203.9203625,101356399
19-03-2020,187.9112396,202.7669833,182.8362981,187.2653408,93533467
20-03-2020,193.6320801,199.0299636,184.5433161,189.664396,77391650
23-03-2020,167.5653381,184.0819594,166.3196651,175.3161518,61750037
24-03-2020,169.0416718,177.1154417,160.1374625,176.1927251,67491360
25-03-2020,175.223877,180.1604164,162.8133415,164.243555,71567553
26-03-2020,177.8536072,185.4660184,170.7948315,176.7463502,107260359
27-03-2020,180.8063202,195.5236476,179.9297422,186.3887586,114740377
30-03-2020,172.4557343,179.9297447,171.8559741,175.3161615,60081554
31-03-2020,181.6367645,183.1592413,173.5168558,177.1615835,59543412
01-04-2020,172.1327972,179.4683919,170.9332628,179.0070336,52954239
03-04-2020,161.9367676,173.6552659,161.4754093,173.0555057,64448494
07-04-2020,171.9943695,172.8248229,163.8744746,170.1489363,72130500
08-04-2020,168.8571472,179.3761114,166.5042169,168.7648699,80435759
09-04-2020,173.2400513,175.3161637,169.4107828,173.4707304,62416005
13-04-2020,169.318512,174.1166359,168.9494309,172.3634798,51847146
15-04-2020,168.2574005,177.1154726,166.2274125,172.5480277,72190004
16-04-2020,173.9320679,175.2238654,166.3196564,167.9344104,61165773
17-04-2020,178.3149719,182.6978755,171.9020948,180.8524424,89851063
20-04-2020,177.6229706,182.0981524,175.3623174,179.0070457,81958510
21-04-2020,170.4718933,173.6552628,168.8571392,173.4707223,53042420
22-04-2020,174.1166382,174.8548144,167.3346789,171.1639476,61503413
23-04-2020,172.2711945,175.2238849,170.8409808,173.2400497,50955312
24-04-2020,165.8582916,169.7798368,165.1662542,169.7798368,65137305
27-04-2020,166.9194183,169.318487,166.5503373,169.318487,42996571
28-04-2020,170.0566864,171.0255417,167.1962591,167.9344352,49590230
29-04-2020,175.408432,176.9770474,169.3184968,170.7025717,57470466
30-04-2020,175.7774963,180.7601599,175.0393203,178.5456459,63063889
04-05-2020,165.0278625,169.3184889,164.2435478,168.3496337,58118177
05-05-2020,157.2308807,167.2423601,155.7545428,167.0116809,91050439
06-05-2020,157.8768311,159.906805,153.6784673,157.9229556,73156432
07-05-2020,157.5538635,159.2147563,155.7545689,157.6461408,42942399
08-05-2020,153.7707214,160.3681538,153.2632386,159.1224807,55932236
11-05-2020,152.6634674,155.846837,152.2482477,154.970259,54591827
12-05-2020,154.0014038,155.4777561,148.4189793,151.5100717,70752542
13-05-2020,160.6449738,164.75106,157.3231882,164.75106,81720683
14-05-2020,154.9702454,158.4765711,154.5550257,157.7383951,48136531
15-05-2020,153.5400391,155.2470704,151.9714236,154.9702526,35495540
18-05-2020,143.2978973,153.5400436,143.0210795,153.5400436,77349435
19-05-2020,140.9911041,145.6508259,140.622009,145.3278695,71522334
20-05-2020,141.5447235,143.2517549,139.4686111,141.1756425,66168767
21-05-2020,140.2068024,144.0822098,139.7915827,141.775418,61147471
22-05-2020,139.1917877,143.574691,137.8999762,140.252906,87064198
26-05-2020,139.699295,141.3601878,138.5920379,140.6220117,48275988
27-05-2020,146.3428497,148.3728233,139.1456579,140.2067763,88195120
28-05-2020,145.9737701,149.8491772,144.5896952,147.1271659,76968678
29-05-2020,148.834198,149.3878195,143.2056208,144.0360742,58363280
01-06-2020,156.9079742,158.1536333,150.7257753,151.3255355,92740893
02-06-2020,157.0924988,158.061354,154.2782104,156.7695423,70419104
03-06-2020,161.3831177,165.9967004,158.7072453,159.1686036,113168889
04-06-2020,160.5988312,163.9206026,158.245901,161.3831319,83494674
05-06-2020,173.2861938,175.1316272,162.3981343,162.9056313,201321234
08-06-2020,172.3634644,182.2365292,171.4407478,181.7751709,151741826
09-06-2020,170.1950684,176.2388647,169.1800886,173.1938972,96654191
10-06-2020,173.1939087,174.3934431,169.5953195,170.2873569,67333317
11-06-2020,163.4592285,175.6852226,162.7210666,173.4707086,91726802
12-06-2020,165.3046722,166.088987,156.6772805,156.861821,92758901
15-06-2020,160.2758484,164.1051302,158.7072332,164.1051302,63613412
16-06-2020,159.5376892,165.1201273,156.3081812,164.2435493,63925976
17-06-2020,159.583847,162.5826763,156.1697981,157.7845523,73866905
18-06-2020,165.7660217,166.6887383,157.8768065,159.0763268,58261857
19-06-2020,170.2412109,170.6564306,165.627628,166.3658041,76895151
22-06-2020,173.1939087,176.9309139,170.0105391,170.7025766,80023958
23-06-2020,177.5768127,178.176587,173.3323247,174.9470788,65487085
24-06-2020,170.3335114,179.8374823,169.6875984,179.745219,74668987
25-06-2020,170.9332581,172.3634717,166.4580767,168.1189695,73620385
26-06-2020,170.3335114,174.0243782,169.5953352,173.4707426,49176958
29-06-2020,165.3969574,168.9494221,164.7049199,168.8571448,50966428
30-06-2020,164.6587677,168.7648536,163.5515106,167.103975,43613239
01-07-2020,170.5180206,171.0716421,164.7971809,165.5814815,54012853
02-07-2020,171.1177826,173.4707126,169.7798464,171.3023231,52127276
03-07-2020,170.425766,172.4096153,169.2262315,172.2250607,38048810
06-07-2020,173.516861,175.1777537,171.763691,172.1789247,43773740
07-07-2020,174.024353,174.5779745,169.8259898,172.5480009,55124494
08-07-2020,177.0693054,182.1903852,173.8397974,174.3011557,143063102
09-07-2020,183.7128906,185.4660466,177.6690938,177.8997729,89539723
10-07-2020,180.4833832,186.8501225,179.745207,182.6978975,111406477
13-07-2020,177.8074799,184.3587731,176.7925001,183.4360566,61949761
14-07-2020,171.6714172,177.4383957,170.3334811,177.4383957,62239932
15-07-2020,169.5953064,175.2700076,168.8571303,173.4245745,58527305
16-07-2020,171.8559418,172.5018405,167.6114404,170.7025462,46546803
17-07-2020,173.6552582,174.8547926,170.7025679,172.3634606,47035238
20-07-2020,176.0081787,178.31497,174.1627456,175.3161413,45672856
21-07-2020,179.3760986,181.0369913,176.7002262,177.5768041,59281860
22-07-2020,177.1615906,181.5444945,175.4084346,180.5756392,62276152
23-07-2020,182.9285583,183.7128731,176.3772651,177.5306608,70801412
24-07-2020,177.115448,181.1292708,175.9159136,180.5756352,65265493
27-07-2020,172.6864014,178.2688395,172.0866412,178.084299,50697767
28-07-2020,174.8086548,175.77751,171.3946062,173.4707185,51488617
29-07-2020,176.4234161,180.1604213,172.5480091,173.1016447,73763368
30-07-2020,172.1327972,178.5456753,171.6714389,177.6229586,48472816
31-07-2020,176.6540833,179.791328,172.2711796,173.4707139,145892485
03-08-2020,177.3922882,179.5606781,175.3623143,177.161609,72454278
04-08-2020,176.792511,178.8224847,175.7775171,178.4072651,43866676
05-08-2020,176.6540833,181.6367611,176.2388636,177.8536176,68888892
06-08-2020,176.1927185,179.468365,175.5468198,177.4383915,59740172
07-08-2020,175.9159241,177.2538745,174.9009442,176.6541002,44822338
10-08-2020,178.822464,180.3910793,176.8847537,177.0231696,48784530
11-08-2020,179.9758606,181.5906145,178.7763263,179.929722,43890305
12-08-2020,187.5882721,188.46485,179.5606412,180.8524387,157818228
13-08-2020,186.2964783,191.2791564,185.2353598,189.6182637,70443118
14-08-2020,181.3138275,188.2342026,179.5606715,187.3114859,56169088
17-08-2020,178.1765747,183.2976404,176.7002226,183.1130999,54787889
18-08-2020,180.0220032,180.6217633,176.8847585,178.8224689,46294169
19-08-2020,181.8213043,184.8201332,180.7601718,181.2215301,59296062
20-08-2020,179.6990662,181.1754184,178.3149912,179.0070287,37504602
21-08-2020,183.0669556,185.9273825,182.3749182,183.6205911,68041871
24-08-2020,185.8812561,187.1269291,183.2515222,184.5433199,53850253
25-08-2020,191.8789063,192.3402645,187.0346443,188.2341786,105394375
26-08-2020,193.6320801,194.0934384,190.2180175,192.3864071,66749637
27-08-2020,198.9838257,199.7681404,194.2318409,194.2318409,80997993
28-08-2020,207.4728394,208.4416806,200.0449677,200.2295082,95974037
31-08-2020,195.6159058,213.6550169,194.0934291,213.6550169,119986476
01-09-2020,201.2445068,201.9826689,194.8777535,196.6309236,75048313
02-09-2020,199.5374603,202.0749309,195.8927327,201.3828935,47608088
03-09-2020,196.6770325,201.3828926,195.8927318,200.6908552,38594129
04-09-2020,190.633255,195.8927368,189.9873421,193.7704858,54435758
07-09-2020,191.8327789,193.447533,189.5259874,191.4636979,35687359
08-09-2020,188.2803345,192.3864207,187.2192019,191.8327851,34146789
09-09-2020,179.7913208,185.8351028,177.6229313,185.5582991,72715826
10-09-2020,182.8362885,185.881256,180.1142773,182.4210688,67789617
11-09-2020,187.0346375,188.0957699,181.7751561,183.2053695,48487971
14-09-2020,183.1592407,190.2641556,182.0981223,189.9873378,63605531
15-09-2020,184.6817169,185.4660316,181.8674426,184.4510378,51761038
16-09-2020,182.882431,184.5894624,181.0831364,184.4049219,52404964
17-09-2020,180.3449554,182.6978856,179.9297358,181.775169,41223296
18-09-2020,177.71521,181.9596976,175.0393236,180.8524405,55286316
21-09-2020,171.4407501,178.5456653,170.0105366,178.1304456,57611375
22-09-2020,171.8098297,173.7475402,167.150108,171.7636911,51210889
23-09-2020,169.5953064,174.347291,167.0116972,173.609115,44320497
24-09-2020,162.7210846,167.7498875,161.9367698,167.1039886,46114798
25-09-2020,168.118988,168.6264851,162.5365489,165.1662973,46550127
28-09-2020,172.7786865,173.6091258,169.1800973,169.7798575,41921548
29-09-2020,170.748703,174.347292,169.0878104,173.9320723,35688726
30-09-2020,171.0716553,172.363467,168.3035054,170.7487129,37641083
01-10-2020,175.5929718,176.4234111,172.4557269,172.5480042,43588724
05-10-2020,174.1627655,178.8224873,172.59415,177.1615946,41694686
06-10-2020,176.792511,177.2538693,173.7475433,176.3311527,31098726
07-10-2020,175.9620514,178.2227042,174.4857133,177.6690827,34578053
08-10-2020,176.7002106,180.6678944,175.8236327,176.5618087,43351606
09-10-2020,182.9747009,183.4360592,175.8236474,177.1615836,64907230
12-10-2020,183.3437958,190.0334915,182.0058594,184.2665124,69122798
13-10-2020,180.5756378,184.5433221,180.0220163,183.297649,34948525
14-10-2020,184.5894775,185.3737783,178.1304607,179.0531774,40548275
15-10-2020,177.9459076,186.8501174,177.1615928,185.4660425,49184123
16-10-2020,180.8063202,181.5444963,176.7925113,179.0070256,36893126
19-10-2020,188.2341919,188.7878275,180.8985975,181.0369994,60220779
20-10-2020,187.3575897,188.557124,185.1892003,185.4660181,39316753
21-10-2020,188.0035095,191.2791563,183.4822038,188.8800875,54515523
22-10-2020,187.5882721,188.7878064,185.5582986,186.2964605,33721637
23-10-2020,187.1269531,189.7105627,185.9735572,188.2342104,32707020
26-10-2020,181.4983521,188.234186,180.4833722,187.0346516,45470123
27-10-2020,179.6067963,182.2826831,177.3922819,182.0058653,37794381
28-10-2020,175.7313843,179.9297479,174.4395866,179.9297479,46458319
29-10-2020,174.1166382,175.9620716,171.5330286,174.7164125,44822673
30-10-2020,174.624115,177.1615856,171.7636879,174.7163923,41519686
02-11-2020,180.8985901,182.0058472,175.3622906,177.3461256,52600119
03-11-2020,188.9262238,189.895079,182.3288057,182.6978867,69890201
04-11-2020,191.0023499,192.8477832,182.7440385,187.7728415,117577856
05-11-2020,201.7519684,203.9203579,198.1533795,199.3067752,138023646
06-11-2020,202.2594757,204.7046831,200.2756407,202.0749352,73147085
09-11-2020,202.5363007,205.4428524,200.2756477,205.3044506,60359458
10-11-2020,213.793457,216.838425,205.7658245,205.8581018,135294550
11-11-2020,216.1002197,220.8522186,210.1487006,214.7622835,107094861
12-11-2020,209.27211,215.315906,208.2109775,215.1774901,58859905
13-11-2020,211.7173309,212.8245881,203.0899388,207.6112447,70676525
14-11-2020,211.9018707,214.9006998,210.1487147,214.0702605,7753219
17-11-2020,221.6365356,222.9283474,213.1475453,213.9318601,80501583
18-11-2020,232.5245972,233.4473138,219.5142867,220.8983617,104514060
19-11-2020,221.2212982,232.3400357,220.5292608,228.8337099,82284278
20-11-2020,223.9894562,226.4346496,215.8695472,222.8360604,84411129
23-11-2020,220.2524414,227.126677,219.6988199,224.6814837,57538324
24-11-2020,225.0044403,226.0655587,220.9906176,221.9133342,47636611
25-11-2020,224.2201538,230.5868933,222.9283561,226.4808069,74767232
26-11-2020,226.4807739,227.21895,221.5903734,225.1428377,64248318
27-11-2020,225.3735199,227.218953,223.3435463,226.480777,54355703
01-12-2020,228.8798523,229.7102916,225.3735264,226.0655639,37003272
02-12-2020,227.8648682,231.4634715,225.2351342,229.1566799,56723083
03-12-2020,236.4922485,238.9835946,228.8337122,230.0332465,79266442
04-12-2020,243.135849,243.9201638,233.9548207,237.1381905,79252024
07-12-2020,248.7644043,250.4714357,242.674469,243.4126311,76053084
08-12-2020,250.8866425,252.5475493,244.7505826,250.0100786,65617502
09-12-2020,249.4564514,253.6548009,248.3953329,251.0712055,48495641
10-12-2020,248.718277,250.0562275,245.0274102,248.2107941,38676657
11-12-2020,251.3941803,254.9004926,249.1796377,249.1796377,50255223
14-12-2020,253.0089264,254.808207,251.3018949,252.8243718,31946501
15-12-2020,249.7332458,252.8704767,247.4264543,252.8704767,34890948
16-12-2020,248.5798492,252.5013948,247.7494099,251.7170801,24844177
17-12-2020,247.011261,251.1173332,246.0885443,249.133498,25904699
18-12-2020,250.4714203,250.9327786,244.5198872,247.0112332,29816205
21-12-2020,235.0159149,248.2107651,231.648005,247.7032822,55160758
22-12-2020,237.5534058,238.7068015,229.0644016,235.1081983,51189571
23-12-2020,242.6744843,243.5049236,235.8463865,237.0920597,29056404
24-12-2020,246.2269135,248.0723465,244.1969258,244.5198822,28585509
28-12-2020,253.9316101,254.6697721,247.2880396,247.980077,36870242
29-12-2020,256.4229431,258.2683764,253.4702668,254.9465909,45032526
30-12-2020,255.5002441,257.1611511,251.4402964,256.5152381,30971894
31-12-2020,253.700943,255.8231799,251.5325533,253.7470676,29467966
01-01-2021,257.8070068,258.3606424,253.1934239,253.6547822,24531791
04-01-2021,259.3294983,261.9592463,256.2845447,260.0676885,31450608
05-01-2021,259.9754028,260.6213157,255.592499,256.5613401,27393072
06-01-2021,263.0203552,266.8034989,259.6524453,261.1287975,40765708
07-01-2021,265.4655762,269.2486917,264.8196633,266.6650965,30546600
08-01-2021,263.8969727,268.8796371,263.1588106,267.6801167,32543357
11-01-2021,260.6674194,265.9269149,257.9915471,265.7423603,29703173
12-01-2021,269.8946228,271.1402959,256.4229539,258.3606646,44307145
13-01-2021,283.089447,284.1967182,271.7400439,273.1241188,78042133
14-01-2021,283.5046692,285.3501023,280.3212857,282.9971863,40123498
15-01-2021,280.3674622,286.8726033,278.0145178,283.0894594,35307601
18-01-2021,271.6939392,284.7964992,269.6178267,280.0445139,54969750
19-01-2021,275.5231934,279.1217826,273.4932055,274.6466013,35803901
20-01-2021,279.1679077,281.151771,273.9084398,275.7077203,33759304
21-01-2021,272.0630188,281.5669893,268.9719123,280.5058708,29995203
22-01-2021,261.7747192,274.9695558,260.5751707,272.6627642,44440810
25-01-2021,259.2372742,265.7424158,255.6386564,262.5129073,34034630
27-01-2021,254.3468323,262.8358365,251.6248351,258.5452098,39211107
28-01-2021,260.5290527,261.4517694,248.6721381,250.8866524,48717297
29-01-2021,260.2983398,268.1875549,257.5301902,263.5278477,42300984
01-02-2021,286.6880493,289.6407254,260.8981099,263.0664995,103414068
02-02-2021,307.3569031,311.3245732,290.6557271,290.6557271,121434166
03-02-2021,309.9866333,313.6313467,300.6210379,307.9566456,66420168
04-02-2021,327.6566772,330.3325498,305.5114784,308.556432,145203439
05-02-2021,362.7198792,376.7913064,355.3842714,357.0913026,214955688
08-02-2021,366.3645935,376.2837964,364.2423567,367.2411855,79389205
09-02-2021,364.2885132,372.3161591,358.936768,366.0878219,63869990
10-02-2021,361.9355469,367.1488895,358.0140018,363.5964253,54163507
11-02-2021,359.9978638,366.2723533,358.2447079,361.5203405,36392708
12-02-2021,362.7660217,368.4868759,355.75337,360.7821867,53589755
15-02-2021,375.4995728,377.8063645,365.1190099,366.7798887,56608937
16-02-2021,371.2550354,383.6194324,369.3634494,380.1592451,80365431
17-02-2021,379.9285889,382.7890162,369.2250699,371.854818,74161370
18-02-2021,383.111969,394.6459273,381.727894,392.2007056,67154539
19-02-2021,368.6714172,382.9274004,364.4730678,382.9274004,66155518
22-02-2021,359.3981323,370.0093737,355.8456676,369.6402927,52535049
23-02-2021,365.0267029,368.8098467,358.9367675,361.7049174,45462768
24-02-2021,374.8536072,378.7751526,364.6576003,366.3184789,39632090
25-02-2021,375.7763672,382.8351441,375.1304542,379.2365547,46988836
26-02-2021,359.9978638,370.0093442,357.0913122,368.6252693,64450414
01-03-2021,364.4269104,366.9643809,360.7821688,364.5653123,29677890
02-03-2021,363.7348633,368.6713741,360.3669255,364.4730252,30534337
03-03-2021,373.7463379,377.2988023,365.3957641,365.8571224,46268223
04-03-2021,365.0728455,372.316177,363.9656023,367.8871482,43603653
05-03-2021,354.0002136,364.4730525,348.8791478,364.4730525,72179228
08-03-2021,359.4904175,362.9967295,356.2147564,358.429299,39147858
09-03-2021,357.644928,364.3807473,352.708389,363.0428252,28054083
10-03-2021,357.7372437,362.6276305,355.8918104,360.8744745,22677399
12-03-2021,351.6473083,362.812185,348.3255229,361.4281101,35336355
15-03-2021,354.230896,356.1686065,340.8053808,352.9390984,42722585
16-03-2021,349.294342,357.8756229,347.0337034,355.7995107,38196452
17-03-2021,339.6981201,350.3093613,337.7604096,348.9714391,33143064
18-03-2021,338.7292786,346.0187343,333.1929788,342.7892261,39405038
19-03-2021,342.4662476,344.0810015,329.6404929,335.8227052,60309145
22-03-2021,338.6370239,343.9887694,335.4075155,343.2506074,28461974
23-03-2021,343.8965149,348.7407774,338.6831432,340.2056482,41032380
24-03-2021,332.0395813,340.5285573,330.9323101,340.0210744,42318999
25-03-2021,327.7489624,332.9623058,318.521796,332.177991,57495003
26-03-2021,329.5943604,334.0233885,327.149139,332.1779554,40718848
30-03-2021,332.9161377,336.1456458,328.763913,332.270253,39405124
31-03-2021,336.1456299,339.4212906,330.2864023,332.4547637,38651025
01-04-2021,342.0049133,343.1583091,335.038414,339.2829162,31883453
05-04-2021,326.2264709,340.6670095,322.0742459,339.0983799,51743981
06-04-2021,323.4582825,329.4098156,322.3048868,328.2102953,44147709
07-04-2021,330.8400574,335.1307125,320.7363265,324.1042368,48023602
08-04-2021,328.1180115,335.222912,326.9184631,333.1006752,33370259
09-04-2021,325.7189941,336.3302362,324.0581153,327.0107919,46473100
12-04-2021,303.4353638,317.4145148,297.6222322,317.4145148,75501713
13-04-2021,314.6463623,315.7997581,304.957838,306.3419129,49773360
15-04-2021,316.2149963,320.6901494,310.125061,315.6613607,52992349
16-04-2021,313.6313782,318.798597,312.4779824,316.4918054,37766793
19-04-2021,305.5576172,306.3880566,296.4688524,301.8667505,53304377
20-04-2021,304.0351257,313.6313729,301.4515305,309.2023444,41296147
22-04-2021,310.6325378,311.5552544,298.3142656,300.8056117,49105833
23-04-2021,310.4480286,313.6313841,306.0189717,306.0189717,44223940
26-04-2021,317.6913147,320.5978945,313.0316071,313.0316071,49234985
27-04-2021,325.7651062,327.5182904,315.9381794,317.4145317,46003023
28-04-2021,335.3152161,336.1456554,328.5332432,329.4098353,56696255
29-04-2021,331.6243591,341.3590367,328.0257698,336.791578,63692926
30-04-2021,326.1803284,334.484778,323.3660539,326.1342038,53832840
03-05-2021,323.504425,325.2575808,315.0154216,322.5817085,43691860
04-05-2021,324.3348694,334.8538325,323.1353491,327.5643773,57749307
05-05-2021,327.9335022,329.8250883,321.1054044,328.9484962,40872501
06-05-2021,328.0718689,331.5782088,323.458286,330.3325358,36294427
07-05-2021,330.5631714,334.0233581,325.71891,329.871134,38357618
10-05-2021,333.7466125,338.6369994,331.0707118,332.6393413,41739324
11-05-2021,336.4686279,338.0833821,327.3337385,329.2714492,41892770
12-05-2021,339.2828674,344.6346119,333.9310949,334.7615341,53436590
14-05-2021,332.5932007,343.7119241,331.7627332,341.4051327,51722170
17-05-2021,353.4927063,355.4304166,335.5458586,336.237896,106555796
18-05-2021,352.7084351,362.2124052,350.6784472,359.859489,70917710
19-05-2021,354.6922607,359.3981211,351.7395845,352.4777465,48189573
20-05-2021,354.8306885,357.8295177,352.4777722,357.0913556,42898608
21-05-2021,370.1939087,373.1465849,348.7868725,359.8594716,192810772
24-05-2021,380.2053833,386.8028299,373.9770459,384.772842,142964052
25-05-2021,380.4821777,383.3887293,376.9297134,383.0196483,56048127
26-05-2021,381.589447,386.3875847,379.0519763,381.8201262,52357719
27-05-2021,392.3391418,395.9377312,380.1592705,381.7279001,73392997
28-05-2021,389.4325256,400.1360437,387.5870925,397.2294921,65137568
31-05-2021,391.5547791,393.0772557,385.6955232,388.4636729,38291043
01-06-2021,399.1210327,401.704656,392.7081696,393.1233751,59299647
02-06-2021,403.4578247,404.1037376,395.9838148,397.5062915,38657806
03-06-2021,409.4177246,411.5595835,403.6906314,406.949956,38909199
04-06-2021,403.7837524,411.5129964,402.0609609,407.4155655,36898769
07-06-2021,402.5265808,407.3224384,401.1762778,405.1806079,20201197
08-06-2021,397.8238525,402.7593898,394.8438873,402.5265809,31113823
09-06-2021,392.4692383,402.5731214,389.4427227,398.1032021,27784834
10-06-2021,402.5265808,403.5043668,393.3539046,395.6819936,27397712
11-06-2021,400.0588074,405.5530916,396.007927,404.9477941,26831924
14-06-2021,400.7572327,402.712833,388.0458728,397.6375878,30106015
15-06-2021,399.9656982,403.0387644,398.5688448,399.6863389,16413658
16-06-2021,396.6598206,402.9922114,395.7751354,398.5688422,19701175
17-06-2021,391.3517761,396.6598306,387.9527717,392.0502029,23048331
18-06-2021,384.5071716,394.7507632,374.9620068,394.7507632,45748727
21-06-2021,390.8861389,392.0501834,372.9598538,378.4075877,33128978
22-06-2021,389.8617859,396.1942051,388.6046121,393.9126665,28442965
23-06-2021,390.0480347,395.542319,386.4627719,392.1433148,27564829
24-06-2021,388.5115051,393.6798514,387.6733703,391.4448916,19214547
25-06-2021,399.3138123,401.3625419,390.2342652,392.050186,29886797
28-06-2021,397.4047852,403.3646872,395.3560555,401.0831771,29370660
29-06-2021,392.5158081,399.4535247,391.6311229,398.1032217,22275961
30-06-2021,390.3739624,395.6819881,389.5358277,393.9126462,18337773
01-07-2021,391.4914856,394.5645805,388.4649695,391.3983563,16161469
02-07-2021,395.2164001,396.1476358,390.1877334,391.3983283,16423811
05-07-2021,402.8990784,404.6218699,395.076705,397.1719851,16483761
06-07-2021,400.1985168,406.4843574,398.755113,402.0144377,20195278
07-07-2021,403.0853577,404.156273,398.1497917,399.8260329,14473774
08-07-2021,395.26297,405.459983,393.0745606,403.0387647,21433043
09-07-2021,394.611084,398.1032175,392.0967365,395.7751285,16844494
12-07-2021,398.0566711,400.6641195,395.402644,397.1719859,12886781
13-07-2021,399.5932007,402.1075197,398.8481952,400.431307,12831125
14-07-2021,401.4091187,402.5731632,397.0788785,399.5000969,12767351
15-07-2021,402.0144043,403.1784488,400.1053543,402.9456399,11030732
16-07-2021,400.4313354,402.7594246,398.0566959,402.2938068,8713863
19-07-2021,398.475708,399.9191402,390.0480372,394.2851478,14426686
20-07-2021,391.9570618,397.6376047,390.0945906,397.6376047,14623321
22-07-2021,393.0279846,397.358253,391.9570693,396.2873093,11799761
23-07-2021,399.4069824,400.3847969,390.6533726,393.8195683,17704661
26-07-2021,394.1920166,398.3825768,393.260781,398.3825768,14037519
27-07-2021,400.3847656,403.4578318,394.8439023,394.983582,24119619
28-07-2021,396.2407532,400.8969312,392.0967433,400.4313134,17636515
29-07-2021,411.1870728,413.0961228,396.2407526,396.7063704,35263606
30-07-2021,402.1075439,413.8411189,401.0832075,411.1405412,35196813
02-08-2021,404.9943237,406.6705647,402.1074879,404.8546441,16926025
03-08-2021,415.7966919,417.100416,403.7837584,405.0409322,40922962
04-08-2021,425.5281372,435.3061114,411.1405352,417.7988643,129761158
05-08-2021,411.4664612,430.6964709,408.2536869,429.2996175,58595639
06-08-2021,405.6927795,416.2623092,404.1562465,413.1892431,38236066
09-08-2021,403.5975037,411.419877,401.3625439,407.7880639,22196404
10-08-2021,397.1254272,406.3912043,392.7020582,404.5287331,27794251
11-08-2021,398.6153564,403.1318544,394.052308,400.2450186,23827946
12-08-2021,397.7772827,400.8503773,395.7751318,400.4313099,16847144
13-08-2021,401.5487671,402.526553,395.7750955,398.1963135,20908992
16-08-2021,395.6354675,404.156268,394.8439116,400.4313254,17608693
17-08-2021,392.5158081,396.5666887,386.6955856,395.6354531,22957877
18-08-2021,390.8395996,395.1698395,389.2564877,393.1211098,17668574
20-08-2021,378.733551,388.651205,377.2901187,386.4627956,25541790
23-08-2021,381.3409729,384.6002975,373.6582793,382.8309555,26559937
24-08-2021,388.8840027,389.954918,380.1303935,381.3409884,19012313
25-08-2021,387.6268311,392.3295596,385.8109102,390.187729,16410980
26-08-2021,382.5050354,387.207764,381.8066087,385.997169,15897679
27-08-2021,384.0881042,385.8574461,379.478477,382.132504,15090541
30-08-2021,393.6333008,394.1920194,385.0659219,385.9040282,20308691
31-08-2021,396.7529297,397.6376149,389.9083705,394.7042283,26262421
01-09-2021,400.3381653,402.8059339,395.9147963,398.1032056,18776721
02-09-2021,400.1985168,403.6906505,398.3360456,401.73505,14372717
03-09-2021,401.7350464,404.435624,398.7551094,401.5953667,14233624
06-09-2021,401.4091187,404.0165955,400.477883,402.2938039,10694099
07-09-2021,399.5932007,402.0144189,395.8682583,401.409093,14928735
08-09-2021,401.6884766,405.4599693,397.9635342,399.5000672,22817464
09-09-2021,402.5731506,403.9700041,400.4313201,400.664129,9662128
13-09-2021,403.0853577,403.9700145,399.3138362,400.5244596,9567921
14-09-2021,403.2250061,406.7171395,402.5265794,405.0874773,9981562
15-09-2021,413.3289185,414.3998337,401.7816029,403.2250067,22181568
16-09-2021,431.8139648,434.0489246,412.3045674,414.2601679,42637448
17-09-2021,422.8740845,439.4500665,419.381951,435.8182534,41529478
20-09-2021,407.3690186,422.3153383,405.6927774,418.4972668,18376916
21-09-2021,408.6261597,411.0008274,402.8990666,409.8833334,17279588
22-09-2021,408.6727295,412.3510929,406.1118317,408.7192799,14321143
23-09-2021,418.8697815,420.1269553,411.6527052,411.9786434,20516770
24-09-2021,410.4421082,420.8253799,409.7436814,420.0804027,10731274
27-09-2021,415.8898315,419.5681952,411.8389509,414.3067196,11746892
28-09-2021,414.3067322,424.457195,409.3711946,418.3110625,19241170
29-09-2021,428.3683472,430.5101775,408.9055301,411.4664278,38635938
30-09-2021,421.8497314,432.9314295,420.3597488,428.3218303,26530369
01-10-2021,420.5925598,424.224373,413.2823546,417.6591733,14777309
04-10-2021,431.3017578,432.4658023,420.5459981,422.5946994,16246765
05-10-2021,432.7452087,436.7495106,427.157795,430.2308612,16487568
06-10-2021,425.7609253,438.6119651,422.4550219,433.0245516,19056690
07-10-2021,426.4127808,432.0933237,425.6678036,430.3239817,9984651
08-10-2021,426.5059204,432.0933342,423.0137868,430.1377337,16521128
11-10-2021,436.9822693,442.2903231,427.1111671,428.3683407,20686981
12-10-2021,449.7868042,451.0905284,435.9113992,437.6807411,33763609
13-10-2021,448.5761719,452.720153,445.130589,452.720153,17638983
14-10-2021,456.8641968,459.9372629,448.8555648,448.8555648,23431826
18-10-2021,463.7087708,466.5490279,457.8885483,460.0303788,20084248
19-10-2021,454.6292419,469.5290119,450.0196142,465.9437491,20645100
20-10-2021,465.5246582,472.6020543,449.8799119,455.1879376,34080545
21-10-2021,468.3649597,471.6708348,457.9351096,470.1808521,20808243
22-10-2021,468.3649597,473.7195645,465.6178033,469.9014928,24080485
25-10-2021,471.6708069,480.0053764,463.615625,471.6708069,35619415
26-10-2021,477.3048096,482.5663136,472.6952103,472.6952103,21107457
27-10-2021,483.4509888,490.6214575,477.4910581,478.3757433,29463032
28-10-2021,466.875,484.7547075,463.3828663,483.8700222,28140401
29-10-2021,467.6199341,477.397936,454.815445,467.0146366,31355893
01-11-2021,480.2382202,481.4022647,466.5490452,473.5333124,20679604
02-11-2021,485.8256226,488.8986887,476.8391763,479.4000742,26797820
03-11-2021,491.3664856,505.009053,479.772591,487.9674529,80775924
04-11-2021,493.973938,499.0491834,491.7389498,494.951724,9796046
08-11-2021,487.269043,497.6988934,480.9366521,497.6988934,36802110
09-11-2021,492.7633667,495.4173656,486.2912676,490.0627606,25451967
10-11-2021,488.3399658,492.158009,485.6393599,489.4108526,15805538
11-11-2021,474.5576477,486.8964905,472.2295588,486.8964905,23086898
12-11-2021,476.1873169,477.7238499,468.1321349,476.7926143,19836221
15-11-2021,471.7173462,480.4244325,470.7395603,477.1651081,13328183
16-11-2021,461.0547791,472.5089663,459.5647963,472.5089663,19553216
17-11-2021,463.8950195,470.6464778,457.2366905,459.8907177,20488483
18-11-2021,469.1564941,471.3914824,458.4472845,464.7797038,22471070
22-11-2021,452.9529724,471.2051951,444.6649816,471.2051951,28800269
23-11-2021,459.1456604,461.3340695,446.9930483,451.8820347,20000371
24-11-2021,459.2388306,465.6178001,455.4207589,461.7065992,13963769
25-11-2021,456.817627,461.3807043,452.8598755,456.3054587,12894211
26-11-2021,438.1463318,454.3498249,434.9801366,452.8132919,26305817
29-11-2021,433.1177063,444.8978316,423.0603442,437.6807553,22407465
30-11-2021,428.8805542,444.4322004,426.5059147,435.8182709,23026652
01-12-2021,442.6162415,444.4321621,432.0932912,432.5123586,17156956
02-12-2021,444.1994019,445.2703172,438.5654376,441.8713127,12962679
03-12-2021,440.6141052,448.3899279,437.7272693,443.0353234,16653993
06-12-2021,433.303894,444.1993614,431.9070407,440.6140989,14353300
07-12-2021,443.9200439,446.7137509,436.9357766,436.9357766,13644942
08-12-2021,457.7488708,458.5404268,447.2259194,447.8312169,20397660
09-12-2021,455.0482788,459.5647772,452.6736394,458.4472831,12560970
10-12-2021,460.682312,461.8463566,451.0905673,454.9086393,13261408
13-12-2021,454.2567444,466.0368982,452.9064697,463.5225506,14047645
14-12-2021,454.9551086,456.6313497,448.6692688,452.5804694,11642447
15-12-2021,451.4630127,457.2366848,450.2524178,456.3054492,8639835
16-12-2021,448.0639954,456.8176042,445.3634179,454.7689029,11107781
17-12-2021,435.632019,448.2968294,434.4214241,447.0396556,12648603
20-12-2021,418.3110352,432.0933104,412.5373632,427.4371325,22336114
21-12-2021,415.3310547,426.7386902,413.9342014,425.6211961,16617447
22-12-2021,424.5037537,425.8540282,418.1247841,419.0560197,13102553
23-12-2021,430.0445862,433.0245515,426.2730934,429.2996091,14471377
24-12-2021,425.5281372,431.7208485,421.1047679,430.7896129,13221159
27-12-2021,426.5524292,428.8339676,419.5681626,422.5015773,8856482
28-12-2021,429.4858704,431.0689538,427.4836911,429.4858704,8832210
29-12-2021,423.1534729,430.3705492,420.359766,429.2996339,11757303
30-12-2021,420.6391602,423.6190972,417.6591947,421.6169462,28879190
31-12-2021,428.7874451,429.6721018,421.9428577,423.013773,10005842
03-01-2022,438.4256897,439.5431837,428.4614863,430.2308281,13124509
04-01-2022,450.2524414,451.3699356,438.6585461,440.0088492,23296671
05-01-2022,458.5404358,460.9616542,446.2015632,448.7624613,24694169
06-01-2022,457.8885498,460.4028688,452.0217486,454.1636075,18190843
07-01-2022,457.4694824,467.4337146,455.7932697,459.5182121,22746330
10-01-2022,469.0168152,470.2274385,458.6335437,459.4250996,15832274
11-01-2022,471.1586914,472.8814546,464.9194011,468.4115349,16107950
12-01-2022,475.1629639,478.1894796,473.5333016,474.8370257,14489616
13-01-2022,476.1873169,477.5841418,472.1364365,474.9301432,10450974
14-01-2022,473.3936157,475.2560869,470.4136505,473.9989132,8724574
17-01-2022,478.6551208,483.2181982,472.6486396,473.067707,17422211
18-01-2022,471.9501953,481.8678773,470.2739826,478.6551031,12592506
19-01-2022,480.3312988,482.0541187,465.8971474,470.273966,16079457
20-01-2022,476.2338562,483.4509602,473.067661,480.5175454,17724642
21-01-2022,468.1321716,472.6020914,463.7553527,470.5533616,16947941
24-01-2022,460.1700745,471.9501993,454.4429811,467.8527683,20233933
25-01-2022,479.260437,481.9144358,455.3742205,456.3054561,21791739
27-01-2022,492.5770874,494.346401,468.5977704,468.9236802,35409230
28-01-2022,487.4552612,499.514773,485.5462397,497.2797849,24715250
31-01-2022,501.2840881,503.7053347,490.8076881,492.6236088,28674232
01-02-2022,495.6966553,506.5455718,484.2424698,506.5455718,32245356
02-02-2022,502.6809998,506.8250098,494.812047,499.7476415,21661864
03-02-2022,502.9602966,507.2440143,500.2131972,500.2131972,22717677
04-02-2022,493.8342285,508.8271558,491.0405217,504.8694045,25332894
07-02-2022,496.5813904,511.2483513,489.1315055,495.324245,52289545
08-02-2022,494.8120117,500.6788415,483.3112748,498.6766622,26567546
09-02-2022,498.4438477,499.6078921,491.4595808,498.1644883,14856155
10-02-2022,503.3793945,506.5456183,497.6523297,500.1666203,18659370
11-02-2022,493.182373,500.7254158,490.8542839,499.3751128,14607095
14-02-2022,466.9215393,480.1450682,465.3384558,479.5863496,26153332
15-02-2022,488.7124329,490.6214545,462.9172237,467.4802725,23842951
16-02-2022,481.1694641,491.6924154,478.6551165,490.295562,19773807
17-02-2022,477.6773376,484.2425376,476.0010964,484.2425376,16408356
18-02-2022,479.8657227,485.0806764,475.0233143,475.0233143,15111223
21-02-2022,476.6529541,481.9144296,469.9480463,476.3735664,16866932
22-02-2022,464.1278076,470.5533274,461.4272301,466.4558966,27108772
23-02-2022,464.4072266,470.5999379,463.0569235,468.4115285,13899433
24-02-2022,440.1485291,454.3964517,435.8182889,446.9931168,32356037
25-02-2022,449.7402344,458.0747758,446.3412018,446.993078,21792287
28-02-2022,449.973053,451.928625,440.5675677,444.1062517,18069367
02-03-2022,441.6384888,446.806835,434.8870306,445.1306223,22003848
03-03-2022,435.2595215,450.1592913,432.6520731,446.9930959,20358590
04-03-2022,430.1842957,438.5188372,426.1799655,428.6477342,20684268
07-03-2022,410.0230408,422.73443,403.6440994,416.7279487,33720472
08-03-2022,410.0230408,411.699282,395.7751469,407.8812102,42510207
09-03-2022,420.6391602,423.0603501,408.3933885,411.6061629,32331325
10-03-2022,436.4701233,443.873429,429.9048955,437.5875889,34553299
11-03-2022,438.0066833,442.1506648,430.2308602,434.3282913,22091309
14-03-2022,451.7889404,452.5804964,438.1928951,438.6119625,27750689
15-03-2022,452.4408264,456.7710663,447.5983899,455.3742129,27204899
16-03-2022,458.8663635,460.3097674,455.7467184,459.0991724,16211288
17-03-2022,467.3871765,468.8771593,464.0347224,464.6865988,22947673
21-03-2022,456.8641968,467.4802771,455.3742141,467.4802771,19064060
22-03-2022,459.7510376,461.7066097,444.4322003,456.8642015,26157969
23-03-2022,456.9107666,467.8527855,455.560492,464.2209721,15800195
24-03-2022,453.6048889,460.7753863,450.2524349,451.6492884,18174877
25-03-2022,456.9573059,459.3784957,453.1392344,457.9350919,11541196
28-03-2022,463.2896729,464.3140376,448.8089718,457.1900915,16738684
29-03-2022,460.9616394,466.9215418,457.8885732,465.6178176,14301429
30-03-2022,460.3097534,465.9902964,458.4472822,464.9659315,16461225
31-03-2022,459.6112976,463.3362398,458.3541523,460.3097243,10240982
01-04-2022,473.2539673,474.6973712,457.2367028,457.2367028,18527226
04-04-2022,477.1651611,479.4932502,471.2052303,474.2782966,16257176
05-04-2022,474.3713989,480.8900764,472.7883155,479.0276052,13602384
06-04-2022,478.608551,479.7725955,471.2052166,472.1364522,13738275
07-04-2022,479.5397644,484.1493918,474.9766874,474.9766874,19620958
08-04-2022,480.6106873,483.7769111,477.1185536,483.7769111,13572638
11-04-2022,479.4932556,486.1050059,477.9101437,478.189503,12370288
12-04-2022,477.5841675,481.1694587,469.6686931,477.4910667,14460680
13-04-2022,482.1006775,485.0806428,478.4222855,478.9344537,15440525
18-04-2022,474.4645691,479.5863652,469.342773,476.7926582,14492183
19-04-2022,476.6063538,485.127182,470.3670925,477.9566567,20362934
20-04-2022,474.2782898,478.3757493,472.1364592,476.7926373,11881305
21-04-2022,480.7969055,482.3800173,476.9788625,478.0963565,10035638
22-04-2022,466.1765442,478.1894777,464.6865616,477.6307591,16760456
25-04-2022,460.7288513,464.8728614,456.3520323,460.9616602,14057444
26-04-2022,470.7395935,472.9745533,464.1743939,464.6865621,12137213
27-04-2022,463.0569153,468.2252616,458.0282486,465.6178133,12367342
28-04-2022,472.6020813,474.9301704,462.3584894,464.8262581,12154792
29-04-2022,462.1722412,477.2582701,460.0304106,473.1608389,12894773
02-05-2022,457.2366943,460.9616369,448.2036974,458.7732274,18590895
04-05-2022,446.6671448,462.3119197,444.6649939,458.16791,14645323
05-05-2022,446.9930725,460.0303705,445.7358988,451.6492503,14130385
06-05-2022,450.6714783,452.6736291,438.6119659,438.6119659,16710020
09-05-2022,443.1750183,450.4386731,441.2194179,444.2925124,13544947
10-05-2022,442.5231628,449.3677217,440.940051,444.1993755,10884328
11-05-2022,443.780304,446.0618425,431.7673707,442.5697091,14771351
12-05-2022,430.8361206,440.4744142,424.969348,440.4744142,18947096
13-05-2022,414.0738831,444.1993589,409.5108345,437.1685418,61403008
16-05-2022,423.7121582,429.765189,408.6727104,414.3998031,27940958
17-05-2022,435.1663818,437.3547912,424.7831106,426.7852615,16880698
18-05-2022,426.5059204,436.3770238,425.667814,435.7251475,15644497
19-05-2022,416.7279358,419.0560248,413.8876785,418.1713396,14201420
20-05-2022,430.6033325,432.0933152,422.9206389,423.5725152,13596860
23-05-2022,429.2064819,438.9844557,427.9027578,431.2552116,13499415
24-05-2022,430.2774048,434.700774,428.5546416,430.6033429,17175179
25-05-2022,429.4735107,439.2622212,427.5346679,435.9993081,12728644
26-05-2022,443.4708557,444.6057895,427.9602577,432.0743565,17055257
27-05-2022,443.5181885,449.2400769,442.1468125,445.8353042,10977001
30-05-2022,448.8618164,451.0370728,445.5516261,447.3485808,9365470
31-05-2022,442.7142944,450.5641624,439.782406,448.2943235,15441579
01-06-2022,442.9034119,446.4027671,439.4986681,442.6196928,9424008
02-06-2022,444.3693848,446.7338063,440.8700294,441.5793558,9370989
03-06-2022,439.3095093,449.7129637,438.3637407,447.5849844,11306291
06-06-2022,438.5529175,440.3498721,431.7433719,439.0258018,10661432
07-06-2022,438.2691956,440.680923,435.5264722,436.8032657,7672515
08-06-2022,445.7407227,449.7602391,438.0800202,441.2956276,17168871
09-06-2022,441.6266479,445.3624165,437.3706894,443.5181851,12635601
10-06-2022,436.8032227,438.9784788,433.7294748,436.9450822,8621104
13-06-2022,421.670929,429.426214,418.1242968,429.3789371,13426836
14-06-2022,423.7989197,424.8865478,419.3065188,420.8670312,11351101
15-06-2022,426.8726501,430.7503071,424.2717866,424.6028113,9920926
16-06-2022,417.6513977,432.925554,416.2800218,430.46655,10780703
17-06-2022,417.0839844,423.2787576,413.5373519,416.1382157,14326050
20-06-2022,411.1256104,419.4010854,407.3425361,417.5568251,12368534
21-06-2022,426.3051758,430.2774153,413.8683251,415.6652795,13801891
22-06-2022,423.3733215,426.7308175,420.5360156,424.4136728,11066447
23-06-2022,426.9199219,431.6960704,421.8127774,424.6500831,12229833
24-06-2022,429.615387,435.3845812,428.6223415,431.0813167,10833364
27-06-2022,436.1884766,439.6405261,433.2092825,435.0062658,9509175
28-06-2022,439.0730591,440.4917119,433.1620055,434.0131915,13261290
29-06-2022,434.2023621,437.6071347,433.1620108,435.053548,11800876
30-06-2022,440.633606,443.8492136,433.7295064,434.1078081,16926328
01-07-2022,441.532074,443.3763054,435.5737145,438.2218839,9405495
04-07-2022,447.7741394,448.4361601,441.5320611,441.5320611,9186358
05-07-2022,446.5446472,453.9689366,445.4570191,449.3819531,12003244
06-07-2022,453.9216614,454.9147069,448.1997439,449.3819547,12059857
07-07-2022,460.3528442,461.7714971,455.482142,457.7519807,11497832
08-07-2022,462.0552063,463.3319996,458.8395991,462.4808137,9057231
11-07-2022,461.7242432,464.6561027,458.6977721,458.6977721,7704792
12-07-2022,458.6504822,464.7033953,456.9008045,458.6977591,7364457
13-07-2022,460.116394,465.7437284,458.2721338,461.2986047,8208853
14-07-2022,453.354187,462.3862657,450.9424597,460.2110094,9385630
15-07-2022,453.1177368,458.1302988,448.9563608,456.3806211,6945602
18-07-2022,463.7103271,464.845261,455.955042,458.2721578,9934786
19-07-2022,470.9454651,471.5129031,461.5350564,461.5350564,11724183
20-07-2022,481.0179443,482.9094816,473.2626298,473.8300968,19280117
21-07-2022,484.2807922,485.5576145,479.2682303,482.1528129,13814893
22-07-2022,485.8413086,491.9888041,483.4768873,485.6048665,14699129
25-07-2022,489.7189331,490.8538669,481.5380411,485.5575862,10229778
26-07-2022,486.314209,492.5562584,485.2738289,489.624399,8862656
27-07-2022,499.5549622,501.2100571,484.4699422,487.3545247,15101546
28-07-2022,503.5744934,508.3506132,500.8317414,504.2838198,12160734
29-07-2022,499.6968384,507.8777602,498.1836316,506.0334998,11921058
01-08-2022,504.8040161,505.9862269,497.8526396,500.3588919,8295631
02-08-2022,512.7011108,515.349309,502.2976567,503.0543178,16845027
03-08-2022,511.5189514,516.7680136,505.655232,512.5120547,24262125
04-08-2022,504.3311157,514.4981284,495.7719213,514.1671324,18072293
05-08-2022,502.2503967,513.4577891,500.3115827,506.5063554,21110734
08-08-2022,492.1779785,495.5827222,485.9831483,495.5827222,32566317
10-08-2022,486.7871094,495.1098615,485.5576217,493.2656012,16904151
11-08-2022,496.2920837,497.4742945,489.1515422,491.7996828,13862195
12-08-2022,501.9194031,502.9597254,496.6703989,497.1905601,12154012
16-08-2022,497.4269714,504.8985082,496.5284798,504.3783471,10721167
17-08-2022,499.5077209,501.777531,495.913754,500.1697128,12054183
18-08-2022,503.4799194,505.7970642,497.6634769,498.2781918,9013662
19-08-2022,492.1306458,504.7094137,490.380997,503.1488725,11087222
22-08-2022,483.5714722,491.7051167,482.3419845,490.8539019,9676954
23-08-2022,493.5966492,495.5827401,480.6868849,480.6868849,8597965
24-08-2022,491.1376343,494.6369897,484.5172539,490.8539152,11930650
25-08-2022,492.1779785,499.6495155,490.3809952,493.6439082,15473450
26-08-2022,495.3935547,500.784447,493.8803481,495.3935547,12855886
29-08-2022,486.9289551,488.9623807,481.1597895,483.571488,9421339
30-08-2022,502.4395752,503.621786,489.8608642,490.0973064,14835308
01-09-2022,504.3783569,511.5662326,493.927626,493.927626,16670228
02-09-2022,507.5939941,508.6815933,502.439544,507.8777132,10017930
05-09-2022,509.6747131,511.4716388,507.2156802,507.8777297,7819994
06-09-2022,508.6343079,513.2685968,505.1349527,508.8234731,8657868
07-09-2022,503.9527588,508.3033288,502.7232712,505.4187463,8445359
08-09-2022,515.112854,516.6733374,506.4590488,506.9319331,12240707
09-09-2022,523.3410034,526.7930817,518.2811648,519.841706,18587927
12-09-2022,524.8070068,528.3063044,521.3549284,524.8070068,9677415
13-09-2022,527.7388916,529.6304288,523.719375,529.6304288,16707275
14-09-2022,540.7431641,543.6750235,519.4633719,520.1726983,21632641
15-09-2022,541.12146,547.1270667,537.1019439,541.4997327,12749947
16-09-2022,531.3327637,542.8711516,529.9141108,538.2368626,14739280
19-09-2022,541.2160645,543.24949,529.2047921,530.292449,11194003
20-09-2022,542.918457,546.6069777,541.7835232,546.6069777,8484017
21-09-2022,538.8043823,545.9922006,534.7375889,543.8169444,9392526
22-09-2022,536.5345459,542.8712074,531.5219836,536.0143847,11869435
23-09-2022,520.7401123,537.1965073,519.69979,534.1700365,12563239
26-09-2022,513.8360596,519.226952,504.0946547,516.200481,16158750
27-09-2022,507.4048462,521.0239369,504.2838214,515.0182718,11066799
28-09-2022,496.3866272,510.5258793,492.1306685,504.0001106,12233485
29-09-2022,493.4547424,506.6482253,491.3740401,500.3115644,17310168
30-09-2022,501.8247986,507.783187,488.1584884,495.5827489,17466950
03-10-2022,491.5632324,502.8179019,490.3810217,498.9874929,9351162
04-10-2022,503.8109436,506.7428032,499.1766544,504.0946626,8745887
06-10-2022,508.1614685,512.4174273,505.6078817,505.6078817,9507322
07-10-2022,501.4465027,506.5536183,497.9944243,506.4590645,11065307
10-10-2022,501.9666443,504.9458382,493.8803349,497.1905248,9649292
11-10-2022,498.7984009,504.7567317,497.0014174,501.9667027,10825440
12-10-2022,504.8512573,505.9861912,497.4742739,501.2573483,8522604
13-10-2022,493.1710205,504.851239,491.9888098,504.0946357,12972765
14-10-2022,498.6092224,505.8443176,497.4742885,501.4465282,8545479
17-10-2022,514.1670532,515.1600986,495.7718449,497.8525471,13485349
18-10-2022,531.9475098,532.9405552,517.0989326,517.4299285,20440781
19-10-2022,523.3883667,532.8933296,521.6386602,532.4677222,9540583
20-10-2022,525.2798462,526.6038875,515.7275497,522.0642102,11225588
21-10-2022,530.4343262,535.1158926,527.0295821,527.0295821,11767639
24-10-2022,539.5609741,541.4525113,535.2104617,536.2507841,3692065
25-10-2022,547.1743774,554.4095299,537.1965309,541.4524893,19899324
27-10-2022,548.2147827,553.2746215,546.2759109,552.2815761,13613533
28-10-2022,539.7974243,551.0520937,536.2507921,548.4985069,10043644
31-10-2022,542.6820068,546.1340853,537.5748911,543.7696638,9894639
01-11-2022,545.6139526,553.983982,543.4386386,545.0937337,12069579
02-11-2022,542.729248,547.5527022,538.9935085,544.6681197,10241440
03-11-2022,553.1800537,556.0646363,537.196542,538.1423105,17557998
04-11-2022,561.7392578,564.5765635,548.9241051,554.2203861,25759031
07-11-2022,580.843811,588.9301211,574.743592,579.7561541,44265903
09-11-2022,582.1678467,587.3222971,577.4390037,587.3222971,18939854
10-11-2022,572.899353,581.7422667,569.5418859,579.8507294,11618405
11-11-2022,568.6906128,585.9508887,566.0424724,583.7756326,15525267
14-11-2022,560.4152222,571.1970083,559.564065,571.1970083,12957268
15-11-2022,568.2650146,569.4472253,560.5097587,562.0702421,10286417
16-11-2022,567.2247314,570.7713638,563.6780991,567.4138967,11555749
17-11-2022,566.5626221,570.0619771,563.819928,566.609899,8167131
18-11-2022,570.0147095,572.899292,564.7657056,568.4068914,12933675
21-11-2022,565.6641235,569.4471976,563.0632601,569.4471976,7412419
22-11-2022,566.6099243,568.1231887,563.8199532,565.7114904,8048595
23-11-2022,574.6962891,576.5404916,568.406905,568.9270662,12435924
24-11-2022,576.3040771,578.1483375,572.9466101,576.6824077,8960032
25-11-2022,574.4598999,580.4182308,573.3722429,577.4390365,9994513
28-11-2022,575.5947266,577.7700404,569.683673,572.7574209,7934274
29-11-2022,575.5474854,578.6212334,574.1761093,574.1761093,6942919
30-11-2022,569.7783203,578.2429611,565.9479689,575.500209,15606230
01-12-2022,575.1218872,576.7297054,568.9271142,574.885445,14209313
02-12-2022,574.6016846,576.5404986,571.4806598,574.5544077,7533838
05-12-2022,583.822937,584.4849866,574.6016933,575.500185,11585602
06-12-2022,575.9257813,586.1873471,574.8381243,581.4112274,12996244
07-12-2022,574.1287842,579.6615648,571.7170859,577.7226931,7613892
08-12-2022,578.4793701,580.5127379,574.2234115,576.6823867,10020015
09-12-2022,583.0663452,584.4849981,576.0676344,581.0802542,11202267
12-12-2022,579.8034058,585.1470212,577.8645918,581.4585007,9285187
13-12-2022,583.3027954,583.9175681,579.2832788,580.2290474,7455415
14-12-2022,591.5782471,592.7604578,584.0120984,584.957867,14010673
15-12-2022,582.5461426,595.4085716,580.9856014,591.6254975,10622271
16-12-2022,570.6294556,582.2151208,569.4472448,578.810377,9435071
19-12-2022,571.6697998,576.4459193,570.2984239,571.2441924,8322012
20-12-2022,571.6697998,573.6086137,567.0355109,570.2984239,6753785
21-12-2022,561.2191162,576.1149718,557.6251493,573.0412238,9217253
22-12-2022,561.2191162,566.5153973,555.6863352,564.6238601,8740149
23-12-2022,542.8711548,558.6655013,540.5067334,558.0034518,13047046
26-12-2022,564.7184448,569.0690153,539.7501868,542.8712118,13201587
27-12-2022,569.2581177,570.3929938,561.1244734,567.8394648,9638618
28-12-2022,568.4542236,574.0815585,566.0898021,568.312393,7988631
29-12-2022,578.6212158,584.4849927,564.7657405,567.4611579,20130392
30-12-2022,580.4181519,586.8966431,578.1955612,581.8840815,13052895
02-01-2023,578.9995728,585.6199532,578.0538041,581.6004365,6726084
03-01-2023,579.1887207,583.1609027,576.9188529,581.1748117,6818062
04-01-2023,572.3790894,581.6003319,571.2441556,578.668415,7011191
05-01-2023,572.2845459,578.4320417,569.3054095,574.0815293,8241475
06-01-2023,568.0759888,574.5072043,564.6239099,574.4599274,7972036
09-01-2023,574.7435913,575.9730789,567.5557153,572.1900045,8878905
10-01-2023,562.8742065,575.9730786,558.5709132,575.4529174,10622660
11-01-2023,564.3401489,566.9882895,560.131467,564.1037068,7419630
12-01-2023,562.6377563,565.4750621,558.0980209,565.4750621,8183715
13-01-2023,567.5556641,570.2038621,561.4555033,565.4750195,7877610
16-01-2023,570.2984619,573.2303215,568.0285942,570.2984619,5483191
17-01-2023,560.793457,573.1357247,554.2676311,570.2984191,13461999
18-01-2023,559.3748779,564.7657708,555.733634,563.58356,11538075
19-01-2023,557.8615723,559.6585557,555.6863161,558.9492292,7475688
20-01-2023,560.0841675,564.2455146,558.7600684,561.5973741,6750607
23-01-2023,567.8867798,569.1162674,560.7935151,566.0425194,6604469
24-01-2023,562.1175537,571.811682,560.8880661,570.7713596,7609623
25-01-2023,537.8585815,563.5361628,536.629094,563.5361628,25686294
27-01-2023,510.6677551,537.7167134,503.3853255,537.1965522,40163464
30-01-2023,509.0126648,524.2867928,496.7176732,506.9319624,40797825
31-01-2023,523.4829102,526.7931002,508.6816088,515.4438772,21911943
01-02-2023,498.7510376,534.3592477,472.2695462,530.9545039,38218810
02-02-2023,499.4603271,503.76362,475.2486764,491.9887906,39287056
03-02-2023,514.6873169,516.3424121,490.9958235,506.9320023,32317232
06-02-2023,515.8222046,528.4954689,507.4521181,528.4954689,25338586
07-02-2023,517.4299316,521.4967824,511.7080437,518.2811464,16195947
08-02-2023,519.9362793,524.4286801,515.9167628,520.1727214,15502847
09-02-2023,520.9292603,522.064194,513.3631125,522.064194,15061047
10-02-2023,523.057312,527.0295517,516.8625392,516.8625392,13824475
13-02-2023,508.3505859,526.6985185,504.3783466,523.9557667,18488732
14-02-2023,511.5189514,515.0655839,501.9667111,510.6677943,18559909
15-02-2023,512.8430176,515.1128853,507.6885672,510.7150383,12796579
16-02-2023,510.8095703,517.193508,509.2963637,517.193508,12767016
17-02-2023,502.2031555,510.3840775,499.1294074,509.2964204,14192008
20-02-2023,496.6704407,504.9931934,493.8331347,503.148933,12570032
21-02-2023,495.062561,500.2642881,494.0695156,498.5145816,10223218
22-02-2023,488.3475647,493.5966263,484.7063789,492.5089694,14763050
23-02-2023,492.7454224,495.5827281,483.6187615,488.9150712,15535085
24-02-2023,492.7926941,498.8929128,489.529781,495.7718881,12253035
27-02-2023,499.0821228,501.0682139,490.8539241,492.8400151,11048799
28-02-2023,494.4478455,499.7914615,492.7927503,498.6565276,15768010
01-03-2023,507.5939941,508.2560437,494.7315072,494.8733956,13510198
02-03-2023,504.8040161,510.6205164,503.6218053,506.8847187,10376913
03-03-2023,530.7653809,533.6972406,512.370169,512.6066111,27656538
06-03-2023,531.2382202,537.1019969,528.6846335,534.2646912,16162268
08-03-2023,534.170105,534.8321546,526.2729601,529.6304271,12637578
09-03-2023,528.5900879,535.0685796,527.7388731,534.1228111,8993423
10-03-2023,517.6664429,524.8543192,515.4439097,523.1046126,11522371
13-03-2023,501.2573547,523.1519208,499.791425,517.3354208,14373729
14-03-2023,496.9068298,503.9054826,491.7996565,499.0348091,14750800
15-03-2023,489.4825439,503.1489122,487.5910067,501.0682097,11282329
16-03-2023,496.055603,500.6425574,486.4087523,490.286438,20040008
17-03-2023,501.0681763,502.7705481,491.8942096,499.9805771,18787379
20-03-2023,491.0430603,498.0417132,487.0708207,498.0417132,14275315
21-03-2023,493.5492859,495.0625502,488.4421704,493.6911743,29485180
22-03-2023,493.2655945,498.4200448,491.8942185,493.8803672,11619538
23-03-2023,484.9428406,492.7454314,483.7606298,491.2322247,22097792
24-03-2023,477.9441528,487.0235369,476.1471983,486.5979295,14416984
27-03-2023,482.4838257,486.2669288,474.3502103,479.5046605,15674218
28-03-2023,480.5450439,483.9970937,476.5255273,483.7133746,15833599
29-03-2023,488.4894714,489.9081243,478.8426204,481.3962071,24203789
31-03-2023,495.3463135,496.4339705,491.1849085,492.4144539,17356345
03-04-2023,498.1835938,499.8386887,493.7857468,496.2920566,14210949
05-04-2023,494.6369934,498.987506,490.9011958,498.4200679,13574801
06-04-2023,499.0348206,504.756709,493.360209,495.5827421,25125879
10-04-2023,497.7579956,501.6356814,495.9610699,500.5480245,17335453
11-04-2023,503.2434692,506.648271,498.5619607,502.0612584,26414406
12-04-2023,499.5549622,505.0404082,497.4742598,504.2838049,21292441
13-04-2023,504.0473633,505.2768509,498.5619172,500.595285,28597560
17-04-2023,514.4981079,515.4438765,499.3658106,499.3658106,32476990
18-04-2023,516.2478027,518.7541128,511.1879635,515.7749184,22283456
19-04-2023,510.9987793,517.808325,509.0599652,514.4981348,21156372
20-04-2023,515.2547607,515.8695335,507.5467807,511.8500166,25588577
21-04-2023,513.6942749,516.7680231,510.4313615,515.4439238,22599418
24-04-2023,524.5232544,525.4217461,514.0252458,514.3089648,23335611
25-04-2023,531.3327637,537.1019865,524.901549,524.901549,38142390
26-04-2023,535.6359863,536.250759,526.2729125,531.5219163,23143882
27-04-2023,534.1228638,536.6291739,530.670785,534.3593059,17845169
28-04-2023,546.9379883,548.9714139,534.8321613,537.0074176,16183423
02-05-2023,544.100647,549.349651,542.0672792,548.5457708,13667511
03-05-2023,539.5609741,543.8169327,538.1423213,539.7028625,9699527
04-05-2023,548.5458374,549.3024408,537.6694975,539.2773158,12533761
05-05-2023,545.2356567,556.348439,543.8642806,548.7350125,18163461
08-05-2023,551.9505615,555.7336361,546.0395075,546.3232842,12990869
09-05-2023,542.3982544,554.6459685,541.0741554,553.2745925,18959065
10-05-2023,541.1688232,543.8169639,532.7041824,543.8169639,18561315
11-05-2023,542.3510132,548.5457859,540.9796372,541.1688024,16016715
12-05-2023,546.7961426,549.2551179,540.5540351,543.5332293,11319335
15-05-2023,550.3427124,552.3288032,543.4858908,547.3635185,11410243
16-05-2023,554.5040894,558.381775,550.4372961,552.3288332,22178229
17-05-2023,554.5040894,558.4763288,548.0728748,554.2203703,23739774
18-05-2023,543.0603027,561.6919544,540.4121624,558.287153,45656620
19-05-2023,543.9588013,554.456809,538.9935164,547.5999871,42293962
22-05-2023,545.8504028,548.8295395,542.3510473,546.1813988,21484049
23-05-2023,550.059021,552.0451698,545.519343,547.5054918,16120548
24-05-2023,551.0993652,553.5110636,546.8906835,548.3566133,17616658
25-05-2023,549.7279663,551.2885075,545.70845,550.4372927,16479436
26-05-2023,554.2203979,555.875493,549.0659475,549.7279971,9788076
29-05-2023,562.7323608,564.0564601,556.159257,558.0035175,18432231
30-05-2023,560.6516113,563.2051981,559.4221237,562.7323138,15031640
31-05-2023,559.06073,563.8332704,556.7950076,562.8691232,28797643
01-06-2023,561.8568115,565.3759725,560.1695538,560.9408599,17820226
02-06-2023,566.1472778,567.7863399,562.0978476,563.7369097,11323908
05-06-2023,566.1472778,568.6540371,564.9902894,567.4006575,12920507
06-06-2023,564.3635864,567.7863563,562.0978639,566.9186003,11199940
07-06-2023,568.0755615,569.4253323,564.9902786,566.9185731,11113781
08-06-2023,567.4006348,572.6552488,565.3276947,568.79866,15971917
09-06-2023,557.9520264,567.9791225,556.0719275,566.918584,18870272
12-06-2023,557.9038696,560.6516659,556.9879179,559.205445,8786066
13-06-2023,555.7344971,560.5552333,553.6615569,558.6751344,12612098
14-06-2023,555.8790894,557.8073839,554.6257097,556.3129674,8948696
15-06-2023,546.1894531,556.0237675,544.984269,555.3488526,17934877
16-06-2023,550.769104,554.0954237,546.7196739,548.3587359,12660226
19-06-2023,548.4551392,552.215337,545.6109519,550.7691161,17903691
20-06-2023,547.0571899,549.0336801,542.3810403,548.4551564,14549152
21-06-2023,546.0447388,549.081826,545.3698828,547.0571404,14946871
22-06-2023,542.7667236,548.5998029,540.9348203,546.0447891,14979063
23-06-2023,534.7160645,541.9471691,533.9447584,541.850778,12215712
26-06-2023,537.078186,538.4762112,534.6196224,536.0658432,8360264
27-06-2023,545.803772,547.5874798,535.7284796,538.2352391,10694768
28-06-2023,549.3710938,553.420524,548.1659097,551.7332663,18028934
30-06-2023,552.3117065,553.4204994,549.7567517,553.4204994,8718232
03-07-2023,564.460022,565.3277192,553.324133,553.9025978,15421985
04-07-2023,568.1237793,574.5835778,561.3747484,567.1114364,24799250
05-07-2023,569.425354,572.4142458,567.1114359,568.654048,13598114
06-07-2023,571.2572632,572.2214105,567.9791389,569.2325774,11323509
07-07-2023,572.3178101,574.1497135,564.5082405,568.8469033,11707209
10-07-2023,571.3536377,578.2955097,569.0879152,573.3301866,11417363
11-07-2023,567.4488525,574.5835657,566.2918641,573.6676141,13221177
12-07-2023,568.1237793,573.1855525,567.1114364,567.8827425,16029716
13-07-2023,564.652832,576.5600264,562.4352464,573.5711936,20024503
14-07-2023,563.4476929,570.1002738,559.8803362,565.7134154,12190152
17-07-2023,579.5488892,581.2361468,563.2548359,565.9544365,19378986
18-07-2023,571.1126099,582.3931447,567.6417032,581.4289974,25757209
19-07-2023,579.8864136,580.8023653,570.7752097,573.3302236,17556585
20-07-2023,588.1780396,588.90115,577.283187,579.8382008,34038351
21-07-2023,593.046936,597.2892074,587.1656615,588.1298087,21040281
24-07-2023,595.5055542,599.6031799,592.2756257,592.9987361,11756364
25-07-2023,587.7441406,599.5067489,582.5377808,599.5067489,18503305
26-07-2023,593.0952148,594.2521445,587.3103312,590.0581274,9999125
27-07-2023,594.4449463,598.9764499,591.1186267,594.3003595,17444742
28-07-2023,593.9628906,597.6748928,591.6007181,594.3003775,11930586
31-07-2023,597.9641724,598.7354784,592.4685209,594.5414612,8605483
01-08-2023,589.9134521,598.5907771,588.7082681,597.9641167,13493453
02-08-2023,576.9938965,588.6118583,572.7998209,587.9851391,14977497
03-08-2023,569.3289795,579.3078805,564.0261694,577.2349991,27774877
04-08-2023,552.7456055,577.2349691,550.913761,573.4747713,52725616
07-08-2023,547.5393066,556.313024,546.3341224,556.313024,32736325
08-08-2023,552.5527344,553.6615272,548.0694852,550.5280488,25038671
09-08-2023,553.1795044,554.3846885,547.9730855,554.3846885,15769111
10-08-2023,553.0831299,556.8914647,549.6603598,553.1795211,27325801
11-08-2023,553.5651855,558.2412763,551.4922454,554.8185652,18221179
14-08-2023,540.6937866,552.4563953,538.5726508,552.4081997,28084093
16-08-2023,545.0806274,546.0930291,534.1375796,538.7654747,15725767
17-08-2023,551.6368408,552.600988,543.7790176,545.4662752,27910162
18-08-2023,552.4082031,554.6257301,547.0571974,549.5639568,18253227
21-08-2023,551.2030029,554.9149464,550.2870513,552.408187,9380810
22-08-2023,548.1176758,553.8543633,547.1535286,551.9742645,14073413
23-08-2023,556.2166138,557.2289567,545.7073844,550.528121,18579297
24-08-2023,556.2647705,561.1337024,554.9149408,557.421759,24131644
25-08-2023,549.5157471,554.6739114,546.8643421,553.2276905,12271885
28-08-2023,552.3117065,554.1918054,548.7926045,552.263511,9711932
29-08-2023,554.2400513,555.6380766,551.3476094,553.0831216,13144855
30-08-2023,547.0571899,556.9878952,545.8037514,556.0237479,15281416
31-08-2023,541.2240601,549.8531901,539.3440199,548.8890428,27898476
01-09-2023,549.1300659,550.7209325,541.947157,542.5256807,18121168
04-09-2023,554.914917,555.686223,548.0694953,551.4922062,12108655
05-09-2023,552.4563599,557.5181328,550.8654934,554.9631191,14444729
06-09-2023,550.0460205,553.6615728,547.6356523,553.6615728,20609936
07-09-2023,558.2894897,560.1695888,547.6356737,547.6356737,12390597
08-09-2023,562.5317383,567.4006702,558.916186,560.1695657,14032068
11-09-2023,570.4859009,571.0643657,564.3635309,565.9543973,10946134
12-09-2023,567.2560425,572.9445351,563.6887445,572.3660703,16093060
13-09-2023,575.0656738,576.5600904,562.5317588,567.3042998,19377172
14-09-2023,575.8851318,582.0556977,573.8604462,576.9939247,13178911
15-09-2023,577.3313599,579.1632632,573.8604533,577.8616291,11756389
18-09-2023,582.2967529,586.58722,575.6441133,577.331371,19305055
20-09-2023,579.5488892,585.0445403,577.9098859,579.3078523,21314600
21-09-2023,567.0632324,584.8517022,563.688717,578.4883539,23453425
22-09-2023,576.7047119,580.4166554,570.1967179,572.2214036,18784139
25-09-2023,572.7516479,579.9345566,569.2807415,579.9345566,9712784
26-09-2023,573.0891724,573.6676372,570.0520849,572.7034899,8327427
27-09-2023,568.605835,572.9926931,567.1114185,572.1731915,9865347
28-09-2023,568.7987061,573.8604793,567.7381087,570.0520858,21960816
29-09-2023,577.090332,578.4883573,570.1002644,571.5946809,12189735
03-10-2023,581.3325806,583.2126794,568.4611798,575.2102104,15322196
04-10-2023,565.2313232,578.9222259,563.49587,578.4883479,24914612
05-10-2023,570.9198608,573.0409379,566.0508698,568.8469206,13248028
06-10-2023,572.944519,577.476023,570.9680289,572.1250174,8216780
09-10-2023,564.1225586,567.8827566,560.6998475,566.9186093,9189597
10-10-2023,570.4377441,573.6676139,564.7492518,565.9544359,10373508
11-10-2023,567.2560425,575.5959402,566.532932,575.499549,14220119
12-10-2023,565.0385132,571.7393487,564.0261703,569.6182129,11983797
13-10-2023,555.4934692,560.4587923,554.1918351,557.0360813,19064577
16-10-2023,555.0113525,558.0001853,551.0101182,555.3487805,11290293
17-10-2023,555.7827148,559.1572303,554.6739219,556.987899,10765224
18-10-2023,552.1189575,558.482306,548.9372245,557.0360851,11777454
19-10-2023,550.7209473,553.4205479,546.6715169,549.3711175,11441499
20-10-2023,542.9113159,549.5639558,541.9471686,549.4675646,11110988
23-10-2023,533.1252441,545.7073542,531.2451452,542.9113036,11875035
25-10-2023,536.258728,540.693782,533.7519098,538.5726462,12134624
26-10-2023,527.3885498,533.0770422,523.724802,531.6790169,19424825
27-10-2023,541.031311,542.3328864,530.2810445,530.2810445,10415296
30-10-2023,544.9360352,546.382256,536.5479423,542.8148994,8593704
31-10-2023,545.2734985,549.0818922,542.9595803,546.6715239,13039696
01-11-2023,546.0930176,549.2264961,543.6343951,545.948372,13575575
02-11-2023,551.588623,554.8185517,547.2499604,550.6244758,11148516
03-11-2023,557.4217529,558.7233282,552.8902491,555.3488128,11371371
06-11-2023,553.7579956,561.6158199,552.6974571,561.1337462,16499138
07-11-2023,558.9643555,560.3623807,552.0706792,554.1918149,17923281
08-11-2023,559.4946289,561.7121558,558.2412493,561.0372998,15434808
09-11-2023,557.614563,560.9890785,555.830914,560.1695769,12434363
10-11-2023,558.7233276,560.1695485,554.7703475,557.0842656,6773038
13-11-2023,560.506958,561.6157508,554.577488,560.16953,11282362
15-11-2023,563.7369385,566.9186128,561.7121938,566.1955023,11397676
16-11-2023,563.6887207,566.9185905,562.001463,563.7369163,8622660
17-11-2023,542.8630981,553.9025959,541.9471465,553.9025959,37173221
20-11-2023,543.5380249,546.4786623,540.5009375,543.7790617,12714585
21-11-2023,541.3687134,546.3340956,540.8866397,545.7073763,14280013
22-11-2023,538.9100952,544.2611005,535.2463476,542.7666841,14909071
23-11-2023,539.8742676,543.2969786,538.2834011,541.6097209,6376210
24-11-2023,540.2598877,542.2846322,539.1993493,541.8025586,6529851
28-11-2023,544.2129517,544.9360621,540.9830229,543.3933912,8153314
29-11-2023,548.2141113,548.5997938,544.8395959,547.6356465,10299034
30-11-2023,544.5021973,549.7568119,543.4416588,549.3229339,19758998
01-12-2023,551.2511597,553.6133321,546.2375825,546.6714605,10614230
04-12-2023,573.378418,574.6317977,563.5922992,566.9186192,26077882
05-12-2023,586.4425659,589.3832033,573.7158104,573.7158104,36430152
06-12-2023,586.635437,591.9864428,582.875239,591.9864428,21439069
07-12-2023,589.7689209,590.5884226,583.3091222,588.1298587,10725706
08-12-2023,592.1311035,594.6860586,583.64656,588.1298686,17722136
11-12-2023,592.227478,597.6749338,591.1186851,592.9505885,11706255
12-12-2023,590.4438477,595.7948536,588.9011766,594.8789018,14494836
13-12-2023,597.6266479,598.2533672,589.7206876,592.4202881,13977914
14-12-2023,601.2904663,605.2434466,600.0852822,603.5561888,15813797
15-12-2023,625.0084229,626.6956805,597.6266188,605.484442,29813572
18-12-2023,625.2495117,632.1431883,619.3682368,623.4658628,16221796
19-12-2023,631.9021606,635.9515322,617.2953056,625.2495208,19964008
20-12-2023,613.6315308,636.7228692,611.2211626,635.0838071,22542056
21-12-2023,620.6697998,625.6833773,605.0024068,609.4857151,19915516
22-12-2023,613.9207764,626.1172629,612.3781643,621.6339546,14998068
26-12-2023,615.1741333,618.3076118,612.8602152,615.9454393,10153089
27-12-2023,625.2976685,626.1654245,616.0900743,617.7773319,14417646
28-12-2023,628.0455322,629.8773767,623.3211872,626.9367394,16982092
29-12-2023,619.0307617,626.3100621,616.6203935,622.3570817,13221898
01-01-2024,618.355835,623.7068994,615.1259651,619.1753955,8295548
02-01-2024,616.5239868,624.7674342,611.1247268,618.3558313,15164482
03-01-2024,620.3805542,624.7674124,613.0048043,616.4275152,14571772
04-01-2024,619.7056274,623.2247883,615.7526474,619.4645906,13883388
05-01-2024,618.9343872,628.3830192,614.8849567,621.8750248,15984585
08-01-2024,604.5203247,621.8749752,602.6402258,617.0542389,14739531
09-01-2024,602.9777222,611.6067931,602.1099661,609.3410706,13400235
10-01-2024,599.4585571,602.8812681,596.0358461,602.3991945,12742464
11-01-2024,597.9641724,604.6650079,596.3251102,603.556215,15533860
12-01-2024,610.883667,613.6797175,598.8318265,601.4350358,16620797
15-01-2024,617.1506348,622.3570535,613.2940457,615.9937051,16844018
16-01-2024,614.0654297,621.778608,610.7391098,617.0542627,15025543
17-01-2024,603.5562134,613.9689925,600.6637715,601.6279188,30016308
18-01-2024,605.7736816,610.7390633,596.8553199,603.3633136,14695436
19-01-2024,605.2434692,612.7156108,602.3028317,610.3052426,11675202
23-01-2024,583.4054565,612.1370906,579.1150485,604.5203041,30954343
24-01-2024,596.1322021,600.0369865,581.4771529,588.0815966,19221835
25-01-2024,590.78125,601.4350658,584.5142926,596.3250969,22684904
29-01-2024,600.6155396,606.9306923,593.529022,596.8071462,19572140
30-01-2024,604.2792969,610.7872909,601.8207331,603.0259172,16966577
31-01-2024,617.5363159,620.1395253,599.6995917,603.9418632,23270745
01-02-2024,624.4299927,629.5399614,610.5462487,619.7056476,26587707
02-02-2024,626.3582764,636.8674459,623.5140302,628.6239988,27471811
05-02-2024,619.8984985,631.3236201,615.8490682,623.8996744,28339525
06-02-2024,626.9367676,631.5164671,614.836731,621.3447251,14079390
07-02-2024,651.0404053,653.6436145,631.5164242,631.5646198,41696232
08-02-2024,674.4692383,693.125524,654.1739492,656.0058526,74222434
09-02-2024,699.2478027,702.2366357,669.311042,678.4222454,43235061
12-02-2024,682.5198364,699.9708775,679.2417124,699.9708775,22873137
13-02-2024,687.8709106,692.2577691,676.9760578,683.1465653,23351472
14-02-2024,716.7470703,721.6641976,680.2540626,680.2540626,36782182
15-02-2024,734.3909302,736.608457,715.0597907,720.8928694,33941282
16-02-2024,727.6419678,746.8284634,726.3403336,736.0782565,27365121
19-02-2024,732.0288086,737.5726553,723.1104464,731.4985394,13979584
20-02-2024,732.8483276,736.1264519,726.9670527,731.8359848,12528399
21-02-2024,743.8395996,749.6244831,732.3662239,733.3786255,21465311
22-02-2024,738.4403687,745.2857903,729.859435,745.2857903,18799244
23-02-2024,731.8359375,742.875435,727.931153,738.4403813,14143636
26-02-2024,731.6914063,738.8742565,725.7136812,727.9312083,11355186
27-02-2024,722.9658203,735.0176614,715.5901289,731.6914003,13969393
28-02-2024,715.8793335,729.6184318,714.4331126,722.9657922,11263318
29-02-2024,721.2785034,726.8706043,710.7211386,717.2291322,19217113
01-03-2024,741.5738525,744.3216486,724.9905087,725.0387043,17348526
04-03-2024,744.369873,749.1424137,741.4292357,746.6356544,9789141
05-03-2024,755.8432617,758.7357035,741.5256395,741.9113219,18088847
06-03-2024,755.7950439,761.965551,745.1894243,755.5540071,26710525
07-03-2024,759.7962036,764.9544265,754.9272719,761.6763025,15497868
11-03-2024,745.9607544,764.3759437,742.923667,761.6763431,16778340
12-03-2024,732.4627075,749.8655543,730.1969261,742.3934128,21529705
13-03-2024,720.4590454,736.3192797,716.3614195,731.4503478,27950252
14-03-2024,714.4813232,723.8817591,707.7322923,723.0140619,19730882
15-03-2024,705.6594238,719.7841463,697.0784894,712.7458829,29792241
18-03-2024,704.7434692,711.4443046,696.2107305,701.0314669,18145126
19-03-2024,697.8497925,708.0215346,695.2948375,703.8275174,15205043
20-03-2024,709.8534546,712.4566641,693.9932196,699.151443,25405455
21-03-2024,717.6147461,723.6888617,713.9991941,715.3972193,15161161
22-03-2024,719.928772,721.9534577,714.8188033,717.180917,15535921
26-03-2024,713.5172119,721.0375492,712.0227953,716.4096539,14678342
27-03-2024,707.0092163,719.1092534,704.0203832,716.3614571,30088789
28-03-2024,725.3761597,732.3180316,710.4801317,711.2996334,21705116
01-04-2024,731.112854,734.198137,725.1351292,731.8359644,9949971
02-04-2024,738.9224854,741.1882079,726.3403165,731.016466,15713063
03-04-2024,743.4057617,744.9001783,732.8965915,737.4762911,19136981
04-04-2024,732.0770264,747.503383,730.9200378,747.2141506,15889530
05-04-2024,737.331604,740.1758501,725.6171915,730.7754145,9939620
08-04-2024,740.7543335,742.3933956,734.4873763,738.5850021,9797174
09-04-2024,736.8013306,744.7555453,733.8124388,740.8989563,7465892
10-04-2024,751.1188965,752.709763,736.2710643,739.0188604,14530669
12-04-2024,738.8259888,751.5527436,737.379768,749.3834124,14408722
15-04-2024,730.3415527,735.9335951,721.9052642,732.5590797,11356572
16-04-2024,724.7495117,727.8347947,717.7112484,724.3156337,13338991
18-04-2024,718.0968628,732.7037172,715.3972623,725.0869304,14589648
19-04-2024,723.5443115,725.038728,705.8039787,708.1661512,10886554
22-04-2024,738.6331787,741.4292293,723.5443097,727.1116662,17452186
23-04-2024,745.2858276,749.8173315,738.1029188,742.7308139,12292429
24-04-2024,745.3822021,750.5886207,742.5862105,750.5886207,7842615
25-04-2024,783.5625,785.2015621,742.0559717,743.020119,36732974
26-04-2024,772.571228,787.6119614,770.2573098,786.6478141,14964358
29-04-2024,796.8677368,801.4474365,770.0644539,778.0668646,27302732
30-04-2024,796.626709,804.9183523,790.5043971,796.8677458,27449073
02-05-2024,800.2904663,804.0024688,795.4215341,797.2534376,19943724
03-05-2024,801.6401978,806.2198969,790.6007006,804.8700673,22667634
06-05-2024,778.8381348,806.0270989,774.2102397,805.0629517,35283557
07-05-2024,773.1496582,785.4425349,764.7615658,782.8875213,16725013
08-05-2024,781.7305298,792.5289901,770.8356783,773.8245111,27908322
09-05-2024,790.4078979,809.546256,774.7405053,782.79117,49290254
10-05-2024,788.0457764,802.2187535,786.3585186,797.3498214,20543142
13-05-2024,779.8023071,790.4561228,769.9679931,790.4561228,15398505
14-05-2024,788.8652954,792.9147256,778.9345905,783.8517179,10912462
15-05-2024,790.8899536,795.7106897,788.7206224,791.5648684,9755062
16-05-2024,782.8394165,796.53032,768.7628305,795.7107595,20536990
17-05-2024,788.527771,792.9628835,782.1162274,785.2979014,12492509
21-05-2024,800.8689575,806.3163543,790.2150831,791.5649128,14037801
22-05-2024,802.6334839,810.3780019,797.5358303,810.2799344,19239277
23-05-2024,815.7206421,819.0537393,805.8194778,808.4663421,17497488
24-05-2024,812.2895508,824.6905681,810.7210696,813.6620167,12252075
27-05-2024,817.2891846,822.8769958,806.799795,816.2108014,12295193
28-05-2024,814.7894287,824.1514318,807.0939145,819.2498532,13818893
29-05-2024,806.4567261,818.0244392,803.1726326,812.0935413,14518232
30-05-2024,809.593689,819.5439172,803.1726332,805.231332,17818705
31-05-2024,814.005127,818.5636189,801.0159438,814.3482734,22267336
03-06-2024,887.822937,894.0479178,839.8854754,846.5516102,64269020
04-06-2024,759.9407349,879.3431739,717.5420813,879.3431739,122381193
05-06-2024,774.2042847,779.3509418,729.4038475,775.1846003,74256082
06-06-2024,800.8688965,816.9460375,780.3312713,784.252534,40555649
07-06-2024,813.6130371,815.1325145,794.5458845,803.7608762,25061284
10-06-2024,815.4265747,828.8079077,812.8777779,817.7303525,16725508
11-06-2024,819.1027832,823.0730499,812.7307311,819.5439372,14754408
12-06-2024,822.5828857,828.905934,816.6029839,820.5242467,15071442
13-06-2024,827.2884521,829.2490836,819.6419417,828.3667755,12523972
14-06-2024,822.6809082,833.1702977,818.6615781,828.366727,12903496
18-06-2024,828.2687378,834.7387973,823.710246,824.9846444,14929083
19-06-2024,835.8171387,843.6596642,824.4455005,830.1313196,32925140
20-06-2024,827.1413574,836.3072851,825.7688915,836.2092775,13985352
21-06-2024,819.8380127,831.3567222,812.2895698,828.2687637,18990090
24-06-2024,816.3088989,819.5439288,804.888197,815.1325081,12715254
25-06-2024,825.6708984,829.200011,817.8773767,820.524241,20917530
26-06-2024,828.7098389,832.0919399,819.5439112,823.3181026,16281760
27-06-2024,827.3864136,830.7195107,821.7495986,827.2884059,20378887
28-06-2024,832.2390137,846.9927528,827.3864391,830.2293785,23636388
01-07-2024,825.3768311,833.7585185,823.4161996,832.6311315,10967797
02-07-2024,809.8878174,829.6411423,806.9468704,827.3864282,21142840
03-07-2024,823.4161987,827.2393941,808.7604668,812.6817297,23598009
04-07-2024,822.7789307,828.2687343,817.8773523,826.4061106,13372587
05-07-2024,842.826416,844.2968896,820.524234,821.5045497,24873722
08-07-2024,839.3953247,847.9730871,836.6994565,842.8264297,10359800
09-07-2024,844.3458862,852.8256408,839.1502251,842.9734802,13585081
10-07-2024,832.2880249,843.3165765,826.8962886,843.1695052,17343236
11-07-2024,839.8364868,841.404968,833.0232806,837.5817726,8501366
12-07-2024,842.7774048,846.0124346,838.4639918,839.8364577,11446064
15-07-2024,864.0012207,869.8831149,842.7774216,842.7774216,25392820
16-07-2024,863.3640137,870.6183137,857.0899695,864.9324948,11893692
18-07-2024,875.9610596,877.2845216,860.227005,863.3150233,19435183
19-07-2024,871.84375,881.3038205,865.9128519,877.3825577,14562742
22-07-2024,859.5407715,877.3825287,850.9140055,864.0992633,14614111
23-07-2024,846.8947144,867.0891928,832.3859949,865.6187193,18279212
24-07-2024,835.2289429,850.9139934,830.5234397,847.1888059,19624845
25-07-2024,831.7978516,834.0035618,824.6415591,830.8175359,9522375
26-07-2024,845.4732666,847.2378229,827.3864304,828.0236595,12081506
29-07-2024,854.4431152,871.5986395,846.2084995,849.0023752,26582781
30-07-2024,855.6195068,863.2169533,851.8943192,857.4821305,13528447
31-07-2024,855.227417,857.72721,850.9140041,856.6488269,11636874
01-08-2024,845.6693726,864.0502922,842.5323503,860.5211197,11787203
02-08-2024,831.1606445,841.4049556,829.4941557,839.8364744,12609331
05-08-2024,795.6732788,814.9854506,784.2525767,813.6620484,27676951
06-08-2024,781.9978638,810.2799484,779.9882285,806.456753,17900930
07-08-2024,792.7322998,794.741935,784.7917069,793.0753864,17692355
08-08-2024,792.144104,801.7021823,786.9974465,796.0163631,14769069
09-08-2024,808.0742188,813.6130264,793.6145622,799.9376104,15320885
12-08-2024,796.6044922,806.7997991,795.2320861,804.4470176,16120449
13-08-2024,781.850769,803.8588683,779.3999798,797.4868163,17585172
14-08-2024,787.1934814,793.2224467,784.6446846,785.1838463,11788665
16-08-2024,796.1143188,798.8592505,787.1934703,787.1934703,11427335
19-08-2024,797.6828613,809.1525665,796.6044782,798.9572597,10151482
20-08-2024,804.1529541,806.7998184,797.339748,801.8492361,10347493
21-08-2024,799.49646,804.8391925,795.2321106,804.1529596,14607257
22-08-2024,804.1529541,807.6821265,801.0159319,802.8785557,7832917
23-08-2024,799.300354,805.8194771,798.4671096,805.3293193,5537747
26-08-2024,799.0062866,807.2409623,797.780892,801.8982299,8523795
27-08-2024,799.8395996,803.3197084,795.0850326,801.7021635,12833290
28-08-2024,793.4675293,801.1139796,790.6245899,798.7121942,10371300
29-08-2024,798.4671021,799.9375755,791.0657308,793.6145276,18247268
30-08-2024,799.5454712,804.5451172,798.3200766,801.0650084,8911426
02-09-2024,805.9665527,809.1525787,797.0456442,801.2119858,11813750
03-09-2024,808.5643921,809.6917791,800.329776,805.9665913,10548350
04-09-2024,800.4277344,802.535437,797.6338587,799.3984149,10789570
05-09-2024,802.6334839,805.9665812,798.3691345,802.2413337,8395074
06-09-2024,767.0970459,796.8986675,761.7053095,795.5262016,40220096
09-09-2024,768.812561,772.6848199,755.8233785,769.5477978,21322103
10-09-2024,767.2440796,773.272985,762.19543,772.4887445,12824701
11-09-2024,753.4706421,772.4887911,750.3336796,764.6952691,20060665
12-09-2024,772.2436523,774.3513549,757.5389176,759.7446278,17578964
13-09-2024,775.2826538,779.3509879,769.6458385,775.4297251,12950936
16-09-2024,770.0869751,779.3509703,768.959648,775.2826363,9553736
17-09-2024,767.4891968,771.9986251,765.1854189,770.1360013,10665630
18-09-2024,777.1452637,779.1058951,766.60687,768.3714263,18324412
19-09-2024,774.4003906,785.5759536,768.6165041,779.3999767,10645478
20-09-2024,766.3128052,779.2039209,764.1560986,779.2039209,21372244
23-09-2024,786.0661011,789.1541194,769.057648,770.5281215,17309545
24-09-2024,782.5369873,788.4188814,780.8214349,783.517303,15180653
25-09-2024,777.4883423,782.2919131,773.1749892,782.1939054,18465571
26-09-2024,786.0661011,787.193488,776.0178654,780.3312783,23198842
27-09-2024,786.8504028,792.0950678,782.733065,786.0661024,15193681
30-09-2024,772.3907471,786.8013397,770.9692774,786.1151666,15484573
01-10-2024,781.2625732,784.5956106,772.4887362,772.4887362,13280535
03-10-2024,778.468689,788.1738385,768.8616069,774.3514108,15944135
04-10-2024,780.9685059,793.9086249,769.7928832,776.410014,20097454
07-10-2024,755.4802856,788.1737889,750.3336284,784.2525263,24267990
08-10-2024,766.067688,768.9596312,757.0487719,757.0487719,8560960
09-10-2024,781.7037354,788.5168814,766.655854,771.2143458,18758697
10-10-2024,781.4096069,788.6149631,779.3509679,783.2722307,10241015
11-10-2024,784.0074463,786.8993894,777.3903156,781.5076533,14322720
14-10-2024,789.3012085,793.3204789,785.0367993,786.2131901,8967564
15-10-2024,788.8110352,791.6049109,785.8210245,789.6442796,6252104
16-10-2024,789.5952759,793.0753846,786.2621786,786.9974154,6494240
17-10-2024,795.085022,803.3687015,790.1344397,793.5655446,18580553
18-10-2024,804.2510376,806.4076843,787.0955126,795.1340536,11704698
21-10-2024,797.9279785,810.1819248,793.0754038,808.4663723,10359618
22-10-2024,774.8415527,800.7708551,771.9986133,797.9769793,16645356
23-10-2024,770.5281372,776.9981969,764.4501679,774.4494,13866198
24-10-2024,778.90979,781.3115754,769.204701,770.577107,5607500
25-10-2024,765.5775757,784.987815,756.803738,782.2919468,9717125
28-10-2024,776.4590454,788.1248263,768.1263619,768.3714408,13757251
29-10-2024,816.3088989,818.4165418,774.9395642,780.3313006,28274791
30-10-2024,806.2606201,816.6029383,804.8881543,811.70136,15977682
31-10-2024,804.0549316,811.701382,797.5358084,803.8588565,13402324
01-11-2024,805.0352783,809.3486316,802.7805641,806.2116691,1637141
04-11-2024,813.5149536,821.0143926,791.2127716,806.5057323,14498161
05-11-2024,832.4840698,834.6407762,809.9858135,813.5149259,26254561
06-11-2024,837.9738159,844.4439352,829.5431252,832.4840721,15002433
07-11-2024,842.6793213,845.424253,830.0332851,844.0517872,15283847
08-11-2024,826.5532227,846.5026236,817.779385,842.6793684,26139105
11-11-2024,830.9645996,837.1895802,825.4257922,829.3470548,12621337
12-11-2024,810.427002,836.6014431,808.0742203,835.7191351,11350729
13-11-2024,792.7322998,815.3775681,788.8110371,807.1428925,13756706
14-11-2024,788.4188843,801.8982249,785.2818621,792.7322972,9461484
18-11-2024,798.2710571,800.6238387,783.5173179,795.0360273,9322451
19-11-2024,787.1934814,804.1529305,784.3505421,802.8785321,13677029
21-11-2024,765.3814697,782.7820731,746.5593966,782.7820731,29486577
22-11-2024,799.9866333,803.8098886,768.6165302,770.5281578,20665405
25-11-2024,827.8275757,832.8761655,809.3976531,810.7210554,23434605
26-11-2024,822.8770142,830.0333067,819.1027629,827.3864424,8893744
27-11-2024,817.6812744,825.91595,815.7206431,821.9946873,8375108
28-11-2024,822.3377686,829.1509744,814.1521567,817.6812692,13505677
29-11-2024,822.4358521,827.4354381,815.1814921,824.5434949,10822949
02-12-2024,819.9360352,825.4257789,816.3088553,822.4358281,6651119
03-12-2024,837.140564,839.7383645,820.426194,821.5045173,12186182
04-12-2024,842.7774048,846.9927503,833.5624134,837.1405896,10749716
05-12-2024,848.4142456,854.2961399,838.7580999,843.071513,14716036
06-12-2024,846.6496582,858.2173712,840.130535,848.2181394,14520568
09-12-2024,841.1598511,849.786617,840.0815278,842.0911629,9630346
10-12-2024,850.4238281,851.8452978,841.1598332,844.8360169,7379849
11-12-2024,844.6399536,852.7275579,844.0027843,850.42384,7006973
12-12-2024,836.8955078,847.2868301,834.3957148,844.5419581,8845103
13-12-2024,844.5909424,845.9144044,818.5635737,835.8171053,9379370
16-12-2024,844.0028076,849.3455401,840.9147893,842.8754206,6432713
17-12-2024,833.8074951,845.6202872,830.3763902,841.6500206,8791216
18-12-2024,821.6516113,835.2289596,820.5242244,834.2486439,8295338
19-12-2024,816.4068604,821.5045137,804.0549071,808.3682601,9453398
20-12-2024,796.0163574,819.5439345,794.055726,818.4656111,10244198
23-12-2024,804.9862671,807.7801429,796.2124295,801.2120157,4933200
24-12-2024,796.0653687,809.93686,793.2714928,808.0252324,10602771
26-12-2024,796.4575195,806.6527671,792.0951026,796.9966812,8318714
27-12-2024,783.9094849,802.192337,781.5076994,800.2317056,10649800
30-12-2024,772.7828369,792.0460639,769.5478071,786.2131737,21515438
31-12-2024,779.3019409,783.4682824,770.5281039,771.4594157,9086044
01-01-2025,777.5864258,782.9291583,773.9592457,779.8901437,7273098
02-01-2025,785.4289551,786.6053459,771.5084601,779.3509857,11398319
03-01-2025,777.7824707,793.5655289,776.5570761,785.4289209,13336514
06-01-2025,761.1171265,781.8997712,757.9311005,781.703756,11419367
07-01-2025,763.4208374,768.4204234,759.5975823,764.4991607,9669152
08-01-2025,755.970459,768.5184877,745.1379229,765.5285368,15641490
09-01-2025,745.4810791,756.1664842,711.9542705,755.970469,15351029
10-01-2025,728.6196289,748.3730138,727.4432381,745.3830031,11779296
13-01-2025,715.1403198,729.305894,708.2781098,726.9041085,10414733
14-01-2025,733.4232178,742.0989878,718.5224071,718.5224071,11960975
15-01-2025,738.8639526,743.9616062,735.2367726,738.324791,7792299
16-01-2025,751.2158813,761.4111882,745.4320548,745.4320548,11816079
17-01-2025,749.0592041,752.8334555,744.4517682,751.2159106,5766573
20-01-2025,763.9110107,769.547826,752.7353878,753.8627748,9198929
21-01-2025,744.1085815,769.449777,741.1676346,769.3517095,13751780
22-01-2025,738.6188354,747.9808379,723.4729468,747.0005223,9908339
23-01-2025,731.2174683,740.7755459,728.4725366,735.2367385,10986405
24-01-2025,729.5019531,738.8639561,724.4533033,735.1387684,10579213
27-01-2025,734.4525146,740.4814201,721.4143282,725.4335985,11433353
28-01-2025,737.5895386,744.7948349,730.7273288,742.0989668,14140860
29-01-2025,743.5204468,745.8241647,735.0406921,738.1777143,9251973
30-01-2025,747.5887451,749.9415268,739.8932906,743.6184784,11085824
31-01-2025,757.6860352,762.2444673,744.5497807,749.8435095,10083763
01-02-2025,750.921814,763.4208389,737.3444657,759.54858,9363077
03-02-2025,745.9712524,747.7848126,738.3248019,747.7848126,7862190
04-02-2025,763.8619995,765.8716347,750.5787338,751.9021361,12020807
05-02-2025,750.9708252,766.6068725,749.9415057,764.6462411,13419162
06-02-2025,737.4424438,755.6762909,735.2857375,753.8627309,32745391
07-02-2025,722.6887207,744.9418983,717.3459884,744.8438308,37240692
10-02-2025,722.2965698,729.2568469,718.9635325,725.4335919,12667049
11-02-2025,716.7088013,725.5807064,712.2483767,722.933842,13017060
12-02-2025,718.7184448,724.1591847,703.0333944,718.7184448,12697743
13-02-2025,713.3267212,722.9828066,711.8562477,719.943852,12370571
14-02-2025,707.9349976,718.4733912,702.1021073,716.5617636,10417539
17-02-2025,713.3757324,714.4050519,697.5436103,704.8959779,9093600
18-02-2025,711.5131226,713.914908,703.2294429,713.3757463,8562003
19-02-2025,712.9835815,720.384953,707.8369242,707.8369242,6766606
20-02-2025,715.3363647,717.100921,709.1113243,710.6308614,7423268
21-02-2025,707.7879028,717.2969767,705.8272715,712.9835638,6571602
24-02-2025,702.2981567,705.5821902,696.5142705,696.5142705,6912148
25-02-2025,696.9064331,704.7979623,696.0241251,704.7979623,8599635
27-02-2025,690.0442505,703.5725953,687.2993186,701.9060466,12033139
28-02-2025,675.2414551,687.5444054,669.1634857,687.1033112,15780609
03-03-2025,681.6134644,683.6721631,666.6146468,676.5648746,10598479
04-03-2025,701.9550171,704.3077986,678.476445,679.3587531,14386214
05-03-2025,715.9735107,716.9048226,702.8863208,703.4254824,10409805
06-03-2025,717.6400757,722.2475713,712.6894935,721.5123346,10928847
07-03-2025,718.3262939,720.3849329,713.6697946,717.640061,7246729
10-03-2025,714.552124,723.9631306,712.2973501,718.3263155,7400109
11-03-2025,715.4833984,719.6007364,708.474177,710.6308835,5538789
12-03-2025,708.8172607,722.4926768,704.8959979,716.2186324,5547762
13-03-2025,713.5227661,717.0519386,710.2387324,711.6111983,5908337
17-03-2025,708.9152832,716.855816,708.081979,714.5520982,5149563
18-03-2025,708.9152832,708.9152832,708.9152832,708.9152832,0
19-03-2025,730.4331665,734.5505042,724.5512726,725.0414304,7604850
20-03-2025,734.7955933,737.8836115,729.5509284,733.276116,6963197
21-03-2025,738.3737793,740.726501,732.2958101,735.1877533,9577327
24-03-2025,765.430481,767.5381836,740.2363557,743.0792951,12095064
25-03-2025,757.6369629,770.5281382,754.0588465,768.4694992,15190143
26-03-2025,748.9611816,760.7739737,746.4613886,756.8037071,7711852
27-03-2025,757.0977783,760.5288832,745.5300654,748.7650951,15648616
28-03-2025,756.3135376,763.2737549,751.9021171,756.9017031,7628185
01-04-2025,756.5096436,767.3421202,748.17696,751.7060727,7011125
02-04-2025,760.6759644,761.7052839,749.2552627,757.0977882,5458436
03-04-2025,763.8619995,769.2537358,754.7940794,754.8430832,7956680
04-04-2025,752.3432617,767.4891506,749.9414764,763.7639032,8231194
07-04-2025,732.1978149,738.8639497,715.6304558,715.6304558,14923235
08-04-2025,753.4706421,758.7643709,743.2263906,745.0399508,12911288
09-04-2025,727.590332,752.8334616,726.4139412,751.9021497,11319387
11-04-2025,739.0109253,744.7458077,731.3154714,744.0595748,9360327
15-04-2025,748.4710083,755.529293,742.1969641,754.8430601,7859090
16-04-2025,756.5586548,759.4996019,745.530103,748.4710501,12536694
17-04-2025,781.7527466,785.2328553,752.0491936,756.8037007,27034818
21-04-2025,800.6238403,808.1232195,785.6250222,787.1935033,16398507
22-04-2025,806.2116699,819.0537819,797.976994,804.9862753,25117557
23-04-2025,797.4378052,814.6423335,794.1537117,809.740755,12104382
24-04-2025,797.3887939,802.8785378,795.1830837,796.7515648,12713521
25-04-2025,782.9291382,802.8785382,771.5084366,798.9572755,13131038
28-04-2025,801.2609863,806.6037187,781.7037366,782.9291312,11317611
29-04-2025,796.555481,812.6816856,793.0753723,803.8588446,11283059
30-04-2025,773.1259766,795.5261657,769.0576426,795.5261657,25635764
02-05-2025,781.0175171,787.5856441,773.4690744,774.7924766,14720184
05-05-2025,774.4494019,783.2722431,766.6068763,766.6068763,23986447
06-05-2025,758.8623657,783.4193221,755.9214186,778.3216684,18869468
07-05-2025,760.822998,766.9990349,749.5003636,750.2356004,15586266
08-05-2025,753.8627319,771.0182557,748.9611537,763.6658884,14491673
09-05-2025,763.9110107,766.3127962,740.6285128,741.6088285,13578216
12-05-2025,785.8701172,788.0758275,777.3903623,783.2722566,15096824
13-05-2025,785.9680786,791.7519649,781.5076543,782.8800604,13909596
14-05-2025,784.9387817,791.6049164,780.6253688,789.889364,9281719
15-05-2025,791.8499756,793.5165242,778.8607931,788.6149459,17058854
16-05-2025,792.0999756,804,791,804,14733924
19-05-2025,795,801.4000244,792.0999756,792.0999756,10666184
20-05-2025,785.6500244,799.4000244,783.7999878,798.1500244,11324667
21-05-2025,787.0999756,791,779.0999756,787,8206040
22-05-2025,785.25,788.2000122,780.2999878,788,7355826
23-05-2025,790.5,794.9500122,786.2000122,787.9000244,5534158
26-05-2025,794.4000244,797.5499878,789.2000122,792,4965466
27-05-2025,793.7000122,801.3499756,790.0499878,794.4000244,11995043
28-05-2025,796.5499878,798.9000244,792.6500244,794.5,6873519
29-05-2025,797.3499756,800.4000244,791.3499756,799,14034127
30-05-2025,812.2999878,814.5,792.5999756,798,22037314
02-06-2025,813.6500244,822.5499878,809.2000122,812.8499756,26891575
03-06-2025,809.7999878,818.4000244,805.1500244,816.2000122,14247597
04-06-2025,806.5,817,805.25,817,9607927
05-06-2025,806,811.7000122,802.8499756,808.7000122,13595507
06-06-2025,813.0499878,816.4500122,803.0999756,806.6500244,17163935
